time,t_total,t_capture,t_detect,t_drawrec,t_display,fps,cpu,ram
28/05/2022 09:41:44,0.5771167278289795,0.5372304916381836,0.02193474769592285,0.0,0.017951488494873047,1.7327517151717982,9.9,47.5
28/05/2022 09:41:45,0.03789806365966797,0.0019948482513427734,0.01296544075012207,0.0,0.022937774658203125,26.38657238481089,54.8,47.5
28/05/2022 09:41:45,0.04387497901916504,0.002984762191772461,0.01994800567626953,0.0010001659393310547,0.019942045211791992,22.792033691074582,51.7,47.5
28/05/2022 09:41:45,0.04189038276672363,0.0019965171813964844,0.018949508666992188,0.0009953975677490234,0.019948959350585938,23.871827707298195,38.9,47.5
28/05/2022 09:41:45,0.03940248489379883,0.0019931793212890625,0.016976118087768555,0.0,0.02043318748474121,25.379110040782738,11.1,47.5
28/05/2022 09:41:45,0.039893388748168945,0.003039836883544922,0.01690816879272461,0.0009980201721191406,0.018947362899780273,25.066810100104586,66.7,47.6
28/05/2022 09:41:45,0.03989362716674805,0.002992391586303711,0.01695537567138672,0.0,0.019945859909057617,25.066660291885302,44.4,47.6
28/05/2022 09:41:45,0.03940844535827637,0.0019953250885009766,0.018465757369995117,0.0,0.018947362899780273,25.375271490885773,57.6,47.6
28/05/2022 09:41:45,0.039893388748168945,0.0019958019256591797,0.017952680587768555,0.0,0.01994490623474121,25.066810100104586,48.1,47.6
28/05/2022 09:41:45,0.03889346122741699,0.001993894577026367,0.016954421997070312,0.0,0.019945144653320312,25.71126272750121,17.6,47.6
28/05/2022 09:41:45,0.03989362716674805,0.001994609832763672,0.017952919006347656,0.0,0.01994609832763672,25.066660291885302,47.4,47.6
28/05/2022 09:41:45,0.037897348403930664,0.0019943714141845703,0.016953706741333008,0.0,0.018949270248413086,26.387070391876843,25.0,47.7
28/05/2022 09:41:45,0.036900997161865234,0.0019965171813964844,0.014957904815673828,0.0,0.019946575164794922,27.099538682207605,87.5,47.7
28/05/2022 09:41:45,0.03989291191101074,0.0019979476928710938,0.017949342727661133,0.0,0.019945621490478516,25.0671097219151,50.0,47.7
28/05/2022 09:41:45,0.06856417655944824,0.02867293357849121,0.021950721740722656,0.0,0.017940521240234375,14.584875808038834,47.3,47.7
28/05/2022 09:41:45,0.03789806365966797,0.0019941329956054688,0.01495981216430664,0.0,0.02094411849975586,26.38657238481089,44.8,47.7
28/05/2022 09:41:45,0.03789854049682617,0.001994609832763672,0.01695418357849121,0.0,0.01894974708557129,26.386240390543414,20.0,47.7
28/05/2022 09:41:45,0.03889608383178711,0.001994609832763672,0.01695418357849121,0.0,0.019947290420532227,25.70952912186929,43.3,47.7
28/05/2022 09:41:45,0.039893388748168945,0.002018451690673828,0.017928361892700195,0.0,0.019946575164794922,25.066810100104586,8.3,47.7
28/05/2022 09:41:45,0.038895606994628906,0.001997232437133789,0.01795339584350586,0.0,0.018944978713989258,25.709844305504475,56.7,47.7
28/05/2022 09:41:45,0.038895606994628906,0.001994609832763672,0.017953872680664062,0.0,0.018947124481201172,25.709844305504475,45.2,47.7
28/05/2022 09:41:45,0.05186176300048828,0.0019965171813964844,0.028920650482177734,0.0010039806365966797,0.019940614700317383,19.282028649712217,42.1,47.7
28/05/2022 09:41:45,0.036901235580444336,0.0019991397857666016,0.015952348709106445,0.0,0.01894974708557129,27.09936359231142,13.3,47.7
28/05/2022 09:41:45,0.04240012168884277,0.0019991397857666016,0.019950389862060547,0.0,0.020450592041015625,23.584837971423593,48.7,47.7
28/05/2022 09:41:45,0.034906625747680664,0.001994609832763672,0.013963937759399414,0.0,0.018948078155517578,28.647856347628903,12.0,47.7
28/05/2022 09:41:46,0.04288506507873535,0.002991914749145508,0.018950462341308594,0.0,0.02094268798828125,23.31814113291044,41.7,47.7
28/05/2022 09:41:46,0.0384068489074707,0.001995086669921875,0.016466617584228516,0.0,0.019945144653320312,26.03702278229561,54.2,47.7
28/05/2022 09:41:46,0.03889608383178711,0.0019969940185546875,0.017950773239135742,0.0,0.01894831657409668,25.70952912186929,11.1,47.8
28/05/2022 09:41:46,0.03889870643615723,0.001993417739868164,0.01695561408996582,0.0009984970092773438,0.0189511775970459,25.707795750001534,53.3,47.8
28/05/2022 09:41:46,0.03889322280883789,0.0019922256469726562,0.017952919006347656,0.0,0.018948078155517578,25.71142033960645,50.0,47.8
28/05/2022 09:41:46,0.03690195083618164,0.0019943714141845703,0.014960527420043945,0.0009968280792236328,0.018950223922729492,27.09883833619765,19.4,47.8
28/05/2022 09:41:46,0.03690075874328613,0.0019943714141845703,0.015956878662109375,0.0009980201721191406,0.017951488494873047,27.09971377436633,54.2,47.8
28/05/2022 09:41:46,0.03789854049682617,0.001995086669921875,0.016954421997070312,0.0,0.018949031829833984,26.386240390543414,45.9,47.8
28/05/2022 09:41:46,0.03989434242248535,0.001995086669921875,0.017952442169189453,0.0,0.019946813583374023,25.066210877970942,60.0,47.8
28/05/2022 09:41:46,0.03989386558532715,0.0019969940185546875,0.017951011657714844,0.0009975433349609375,0.01894831657409668,25.06651048545662,16.7,47.8
28/05/2022 09:41:46,0.03490638732910156,0.001995086669921875,0.012966394424438477,0.000997304916381836,0.018947601318359375,28.648052019015353,62.5,47.8
28/05/2022 09:41:46,0.0388948917388916,0.0019941329956054688,0.017951488494873047,0.0,0.018949270248413086,25.710317095447383,14.7,47.8
28/05/2022 09:41:46,0.0359034538269043,0.0019953250885009766,0.013962268829345703,0.000997304916381836,0.01894855499267578,27.852473603824954,53.8,47.8
28/05/2022 09:41:46,0.036408185958862305,0.0019948482513427734,0.014959573745727539,0.0,0.019453763961791992,27.466350592965615,19.4,47.8
28/05/2022 09:41:46,0.04188823699951172,0.001997709274291992,0.017949581146240234,0.0,0.021940946578979492,23.873050565762814,51.9,47.8
28/05/2022 09:41:46,0.0359041690826416,0.0019981861114501953,0.014957904815673828,0.0,0.018948078155517578,27.851918747883367,12.5,47.8
28/05/2022 09:41:46,0.03671622276306152,0.0019948482513427734,0.015476465225219727,0.0,0.019244909286499023,27.23591711634491,60.0,47.8
28/05/2022 09:41:46,0.04388284683227539,0.0019941329956054688,0.01695418357849121,0.0,0.02493453025817871,22.787947277488616,52.8,47.8
28/05/2022 09:41:46,0.03789830207824707,0.0019953250885009766,0.016954660415649414,0.0,0.01894831657409668,26.386406386632864,12.5,47.8
28/05/2022 09:41:46,0.03690075874328613,0.0019998550415039062,0.01595139503479004,0.0,0.018949508666992188,27.09971377436633,46.4,47.8
28/05/2022 09:41:46,0.04284310340881348,0.001995086669921875,0.018949508666992188,0.0,0.021898508071899414,23.340979537777482,8.3,47.8
28/05/2022 09:41:46,0.0384068489074707,0.0029916763305664062,0.016466140747070312,0.0,0.018949031829833984,26.03702278229561,23.3,47.9
28/05/2022 09:41:46,0.03690075874328613,0.0019941329956054688,0.014999151229858398,0.0,0.019907474517822266,27.09971377436633,43.3,47.9
28/05/2022 09:41:46,0.03943610191345215,0.0019941329956054688,0.01795220375061035,0.0,0.019489765167236328,25.357475802112365,32.4,47.9
28/05/2022 09:41:47,0.05897927284240723,0.02108025550842285,0.019947528839111328,0.0,0.017951488494873047,16.95510900366647,31.8,47.9
28/05/2022 09:41:47,0.03789806365966797,0.002018451690673828,0.01693105697631836,0.0,0.01894855499267578,26.38657238481089,48.4,47.9
28/05/2022 09:41:47,0.03889608383178711,0.0019969940185546875,0.0169522762298584,0.000997304916381836,0.018949508666992188,25.70952912186929,13.9,47.9
28/05/2022 09:41:47,0.039893150329589844,0.0019943714141845703,0.018949270248413086,0.0,0.018949508666992188,25.06695991011451,54.2,47.9
28/05/2022 09:41:47,0.03789806365966797,0.0020089149475097656,0.015943050384521484,0.0010037422180175781,0.01894235610961914,26.38657238481089,25.0,47.9
28/05/2022 09:41:47,0.03690195083618164,0.0019948482513427734,0.01595759391784668,0.0,0.018949508666992188,27.09883833619765,51.4,47.9
28/05/2022 09:41:47,0.04288482666015625,0.0019953250885009766,0.01994633674621582,0.0,0.020943164825439453,23.318270770325565,58.3,47.9
28/05/2022 09:41:47,0.03989243507385254,0.0020003318786621094,0.016950607299804688,0.0009958744049072266,0.019945621490478516,25.06740935088841,19.4,47.9
28/05/2022 09:41:47,0.038895368576049805,0.0019943714141845703,0.016954421997070312,0.0,0.019946575164794922,25.710001900220057,50.0,47.9
28/05/2022 09:41:47,0.03793215751647949,0.002992391586303711,0.015958786010742188,0.0,0.018980979919433594,26.362855831903406,54.2,47.9
28/05/2022 09:41:47,0.040891170501708984,0.0019953250885009766,0.019946813583374023,0.0,0.018949031829833984,24.45515713369483,50.0,47.9
28/05/2022 09:41:47,0.04089069366455078,0.0019948482513427734,0.0189516544342041,0.0,0.019944190979003906,24.4554423117289,62.5,47.9
28/05/2022 09:41:47,0.04188895225524902,0.0019948482513427734,0.019947528839111328,0.0,0.019946575164794922,23.872642932354363,59.5,47.9
28/05/2022 09:41:47,0.04089045524597168,0.0019953250885009766,0.018950223922729492,0.0,0.01994490623474121,24.4555849032401,48.6,47.9
28/05/2022 09:41:47,0.04088902473449707,0.001999378204345703,0.018944740295410156,0.0,0.01994490623474121,24.45644048722748,45.9,47.9
28/05/2022 09:41:47,0.04088950157165527,0.0020132064819335938,0.01893138885498047,0.0009961128234863281,0.018948793411254883,24.456155285913365,51.6,47.9
28/05/2022 09:41:47,0.04288506507873535,0.002000093460083008,0.01894354820251465,0.0,0.021941423416137695,23.31814113291044,44.8,47.9
28/05/2022 09:41:47,0.03889656066894531,0.001995086669921875,0.017953157424926758,0.0,0.01894831657409668,25.70921394596185,13.9,47.9
28/05/2022 09:41:47,0.03989243507385254,0.001994609832763672,0.01795196533203125,0.0,0.019945859909057617,25.06740935088841,44.4,47.9
28/05/2022 09:41:47,0.04288506507873535,0.001995086669921875,0.018948793411254883,0.0,0.021941184997558594,23.31814113291044,60.0,47.9
28/05/2022 09:41:47,0.039893150329589844,0.002992868423461914,0.014959096908569336,0.0,0.021941184997558594,25.06695991011451,10.0,47.9
28/05/2022 09:41:47,0.0388948917388916,0.001994609832763672,0.01795029640197754,0.0,0.01894998550415039,25.710317095447383,16.7,47.9
28/05/2022 09:41:47,0.03989386558532715,0.0019953250885009766,0.016954421997070312,0.000997304916381836,0.019946813583374023,25.06651048545662,41.7,47.9
28/05/2022 09:41:47,0.042395591735839844,0.001994609832763672,0.01945662498474121,0.0,0.02094435691833496,23.587358002474414,44.4,47.9
28/05/2022 09:41:48,0.04089021682739258,0.0020008087158203125,0.017945289611816406,0.0,0.02094411849975586,24.45572749641412,16.7,47.9
28/05/2022 09:41:48,0.038898468017578125,0.0019996166229248047,0.01595282554626465,0.0009968280792236328,0.01994919776916504,25.707953319603806,68.0,47.9
28/05/2022 09:41:48,0.039893388748168945,0.001995086669921875,0.016956090927124023,0.0009968280792236328,0.019945383071899414,25.066810100104586,58.3,47.9
28/05/2022 09:41:48,0.04089212417602539,0.0020058155059814453,0.017942190170288086,0.000997781753540039,0.01994633674621582,24.454586797579207,13.9,47.9
28/05/2022 09:41:48,0.03889918327331543,0.0019941329956054688,0.016957998275756836,0.0,0.019947052001953125,25.707480616591585,58.1,47.9
28/05/2022 09:41:48,0.03690147399902344,0.001994609832763672,0.014959573745727539,0.000997304916381836,0.01894998550415039,27.099188504677727,17.2,47.9
28/05/2022 09:41:48,0.038896799087524414,0.0019953250885009766,0.016956329345703125,0.0,0.019945144653320312,25.709056360905944,64.5,47.9
28/05/2022 09:41:48,0.04089069366455078,0.001994609832763672,0.01994776725769043,0.0,0.01894831657409668,24.4554423117289,44.8,47.9
28/05/2022 09:41:48,0.04609227180480957,0.0019953250885009766,0.016952991485595703,0.0,0.02714395523071289,21.69561101771628,22.2,47.9
28/05/2022 09:41:48,0.03789806365966797,0.0029916763305664062,0.01595759391784668,0.0,0.018948793411254883,26.38657238481089,30.6,47.9
28/05/2022 09:41:48,0.037899017333984375,0.0019948482513427734,0.015958786010742188,0.0009963512420654297,0.018949031829833984,26.385908404630097,53.3,47.9
28/05/2022 09:41:48,0.04040193557739258,0.0020363330841064453,0.019414663314819336,0.0,0.018950939178466797,24.751289405044318,43.3,47.9
28/05/2022 09:41:48,0.03390836715698242,0.001993894577026367,0.012966156005859375,0.0009987354278564453,0.017949581146240234,29.491246080072,16.7,47.9
28/05/2022 09:41:48,0.038895368576049805,0.0019941329956054688,0.017952919006347656,0.0,0.01894831657409668,25.710001900220057,27.8,47.9
28/05/2022 09:41:48,0.03789877891540527,0.001995563507080078,0.015956401824951172,0.0010020732879638672,0.018944740295410156,26.386074396542504,44.4,47.9
28/05/2022 09:41:48,0.03789925575256348,0.0019953250885009766,0.016954898834228516,0.0,0.018949031829833984,26.38574241480615,66.7,47.9
28/05/2022 09:41:48,0.03989362716674805,0.001995086669921875,0.017951488494873047,0.0,0.019947052001953125,25.066660291885302,22.2,47.9
28/05/2022 09:41:48,0.04089021682739258,0.001995086669921875,0.01894855499267578,0.0,0.019946575164794922,24.45572749641412,58.3,47.9
28/05/2022 09:41:48,0.04086756706237793,0.0019736289978027344,0.019944429397583008,0.0,0.018949508666992188,24.469281434680386,54.2,47.9
28/05/2022 09:41:48,0.04288673400878906,0.0019948482513427734,0.019948720932006836,0.0,0.020943164825439453,23.31723371136313,16.7,47.9
28/05/2022 09:41:48,0.04188799858093262,0.002014636993408203,0.018930912017822266,0.0,0.02094244956970215,23.87318644665919,16.7,47.9
28/05/2022 09:41:48,0.0359039306640625,0.002012491226196289,0.013944625854492188,0.0009970664978027344,0.01894974708557129,27.852103697407564,54.2,47.9
28/05/2022 09:41:48,0.04487895965576172,0.0019998550415039062,0.02293252944946289,0.0,0.019946575164794922,22.282156441913344,61.1,47.9
28/05/2022 09:41:48,0.040891170501708984,0.002992391586303711,0.017951488494873047,0.0,0.019947290420532227,24.45515713369483,38.9,47.9
28/05/2022 09:41:49,0.04388165473937988,0.001993894577026367,0.020945310592651367,0.0009987354278564453,0.019943714141845703,22.788566336870357,30.6,47.9
28/05/2022 09:41:49,0.03889894485473633,0.001994609832763672,0.016955852508544922,0.0,0.019948482513427734,25.707638182330804,47.2,47.9
28/05/2022 09:41:49,0.03989267349243164,0.002096891403198242,0.016852140426635742,0.0009975433349609375,0.01994609832763672,25.067259535506388,54.2,47.9
28/05/2022 09:41:49,0.04288601875305176,0.0029973983764648438,0.018944501876831055,0.0,0.02094411849975586,23.31762259766396,38.9,47.9
28/05/2022 09:41:49,0.034906625747680664,0.001994609832763672,0.012965202331542969,0.0,0.019946813583374023,28.647856347628903,22.2,47.9
28/05/2022 09:41:49,0.03789877891540527,0.0020055770874023438,0.016945600509643555,0.0,0.018947601318359375,26.386074396542504,54.2,47.9
28/05/2022 09:41:49,0.036902666091918945,0.001994609832763672,0.015958070755004883,0.0,0.01894998550415039,27.098313100445147,27.8,47.9
28/05/2022 09:41:49,0.03789782524108887,0.001999378204345703,0.01694941520690918,0.0,0.018949031829833984,26.38673838507754,54.2,47.9
28/05/2022 09:41:49,0.037897348403930664,0.0019941329956054688,0.01695418357849121,0.0,0.018949031829833984,26.387070391876843,22.2,47.9
28/05/2022 09:41:49,0.04089093208312988,0.0019941329956054688,0.018949031829833984,0.0,0.01994776725769043,24.455299721880486,50.0,47.9
28/05/2022 09:41:49,0.03691864013671875,0.002004861831665039,0.014978170394897461,0.0,0.01993560791015625,27.08658813804505,54.2,47.9
28/05/2022 09:41:49,0.03790545463562012,0.0019991397857666016,0.016958951950073242,0.0,0.018947362899780273,26.381427412304152,21.6,47.9
28/05/2022 09:41:49,0.04089045524597168,0.001994609832763672,0.018949270248413086,0.0,0.019946575164794922,24.4555849032401,62.5,47.9
28/05/2022 09:41:49,0.03789973258972168,0.0019953250885009766,0.015958309173583984,0.0,0.01994609832763672,26.385410441423478,13.9,47.9
28/05/2022 09:41:49,0.036900997161865234,0.001995086669921875,0.015958070755004883,0.0,0.018947839736938477,27.099538682207605,54.2,47.9
28/05/2022 09:41:49,0.03889632225036621,0.0029921531677246094,0.01695561408996582,0.0,0.01894855499267578,25.70937153294962,25.0,47.9
28/05/2022 09:41:49,0.04288506507873535,0.0019948482513427734,0.021941661834716797,0.0,0.01894855499267578,23.31814113291044,66.7,47.9
28/05/2022 09:41:49,0.03789877891540527,0.001995086669921875,0.015958070755004883,0.000997304916381836,0.01894831657409668,26.386074396542504,62.5,47.9
28/05/2022 09:41:49,0.038896799087524414,0.001997709274291992,0.017949581146240234,0.0,0.018949508666992188,25.709056360905944,8.3,47.9
28/05/2022 09:41:49,0.04089021682739258,0.0019974708557128906,0.01795029640197754,0.0009982585906982422,0.019944190979003906,24.45572749641412,67.9,47.9
28/05/2022 09:41:49,0.03789830207824707,0.0019941329956054688,0.015958547592163086,0.0,0.019945621490478516,26.386406386632864,40.6,47.9
28/05/2022 09:41:49,0.03843832015991211,0.0029969215393066406,0.015954256057739258,0.0009989738464355469,0.018488168716430664,26.01570505266031,25.0,47.9
28/05/2022 09:41:49,0.03889584541320801,0.001994609832763672,0.01695418357849121,0.0,0.019947052001953125,25.7096867127209,60.9,48.0
28/05/2022 09:41:49,0.03789854049682617,0.0019974708557128906,0.016953229904174805,0.0009982585906982422,0.017949581146240234,26.386240390543414,24.3,47.9
28/05/2022 09:41:49,0.03940749168395996,0.0019936561584472656,0.01746821403503418,0.0009989738464355469,0.01894664764404297,25.37588558083818,54.2,48.0
28/05/2022 09:41:50,0.038895368576049805,0.001997709274291992,0.013960123062133789,0.0,0.022937536239624023,25.710001900220057,41.7,48.0
28/05/2022 09:41:50,0.04040384292602539,0.0019953250885009766,0.018949270248413086,0.0,0.019459247589111328,24.750120968217814,30.6,47.9
28/05/2022 09:41:50,0.03789877891540527,0.001995086669921875,0.016955137252807617,0.0,0.01894855499267578,26.386074396542504,58.3,47.9
28/05/2022 09:41:50,0.03889584541320801,0.0019948482513427734,0.017953157424926758,0.0,0.018947839736938477,25.7096867127209,22.9,47.9
28/05/2022 09:41:50,0.0359036922454834,0.0020067691802978516,0.01494741439819336,0.0,0.018949508666992188,27.85228864938808,56.0,47.9
28/05/2022 09:41:50,0.03989362716674805,0.001995086669921875,0.017952442169189453,0.0,0.01994609832763672,25.066660291885302,17.6,47.9
28/05/2022 09:41:50,0.03490614891052246,0.0019979476928710938,0.01396036148071289,0.0,0.018947839736938477,28.648247693074783,57.7,47.9
28/05/2022 09:41:50,0.036900997161865234,0.0019979476928710938,0.01495671272277832,0.0009975433349609375,0.018948793411254883,27.099538682207605,11.1,47.9
28/05/2022 09:41:50,0.04089045524597168,0.001995563507080078,0.019945621490478516,0.0,0.018949270248413086,24.4555849032401,43.2,47.9
28/05/2022 09:41:50,0.03690195083618164,0.002991914749145508,0.014960765838623047,0.0,0.018949270248413086,27.09883833619765,20.8,48.0
28/05/2022 09:41:50,0.04089093208312988,0.001994609832763672,0.01894998550415039,0.0,0.01994633674621582,24.455299721880486,47.2,48.0
28/05/2022 09:41:50,0.03789567947387695,0.0019936561584472656,0.016954660415649414,0.0,0.018947362899780273,26.388232481471693,56.5,48.0
28/05/2022 09:41:50,0.03889608383178711,0.001996278762817383,0.016954660415649414,0.0,0.019945144653320312,25.70952912186929,18.9,48.0
28/05/2022 09:41:50,0.04089021682739258,0.002991914749145508,0.01795339584350586,0.0,0.01994490623474121,24.45572749641412,54.1,47.8
28/05/2022 09:41:50,0.03789854049682617,0.0019948482513427734,0.01695561408996582,0.0,0.018948078155517578,26.386240390543414,64.0,48.0
28/05/2022 09:41:50,0.041887521743774414,0.0019936561584472656,0.01894974708557129,0.0,0.02094411849975586,23.87345821309245,47.2,47.9
28/05/2022 09:41:50,0.038895606994628906,0.0019981861114501953,0.016951322555541992,0.0,0.01994609832763672,25.709844305504475,54.2,48.0
28/05/2022 09:41:50,0.036900997161865234,0.001997232437133789,0.015955448150634766,0.0,0.01894831657409668,27.099538682207605,11.1,48.0
28/05/2022 09:41:50,0.046875,0.0019969940185546875,0.01894688606262207,0.00099945068359375,0.024931669235229492,21.333333333333332,52.8,47.9
28/05/2022 09:41:50,0.040892601013183594,0.001995086669921875,0.017952442169189453,0.000997304916381836,0.01994776725769043,24.45430163949719,52.8,48.0
28/05/2022 09:41:50,0.04288458824157715,0.0019943714141845703,0.020943880081176758,0.0,0.01994633674621582,23.318400409182136,40.0,48.0
28/05/2022 09:41:50,0.0359039306640625,0.0019943714141845703,0.014960527420043945,0.0,0.018949031829833984,27.852103697407564,52.0,48.0
28/05/2022 09:41:50,0.03690075874328613,0.0019948482513427734,0.01595783233642578,0.0,0.018948078155517578,27.09971377436633,55.9,48.0
28/05/2022 09:41:50,0.04039907455444336,0.001997232437133789,0.017950057983398438,0.0009989738464355469,0.019452810287475586,24.753042267152956,50.0,48.1
28/05/2022 09:41:51,0.03917980194091797,0.001997709274291992,0.01795029640197754,0.0,0.019231796264648438,25.523355159068227,8.3,48.0
28/05/2022 09:41:51,0.03792881965637207,0.0019943714141845703,0.016957759857177734,0.0,0.018976688385009766,26.36517584938869,54.2,48.1
28/05/2022 09:41:51,0.03789949417114258,0.0019948482513427734,0.016954660415649414,0.0,0.01894998550415039,26.38557642707062,13.9,48.0
28/05/2022 09:41:51,0.04089093208312988,0.002042531967163086,0.018901824951171875,0.0,0.019946575164794922,24.455299721880486,44.4,48.0
28/05/2022 09:41:51,0.03635263442993164,0.002004861831665039,0.014949798583984375,0.0,0.019397974014282227,27.50832273043273,12.5,48.0
28/05/2022 09:41:51,0.03789949417114258,0.001999378204345703,0.01595306396484375,0.0,0.019947052001953125,26.38557642707062,55.6,48.0
28/05/2022 09:41:51,0.03790092468261719,0.002002716064453125,0.016947507858276367,0.0,0.018950700759887695,26.384580544512104,39.4,48.0
28/05/2022 09:41:51,0.04288434982299805,0.002045154571533203,0.017913103103637695,0.0,0.02292609214782715,23.31853004948018,50.0,48.1
28/05/2022 09:41:51,0.035902976989746094,0.0019936561584472656,0.014960050582885742,0.0,0.018949270248413086,27.852843520068,56.0,48.1
28/05/2022 09:41:51,0.0418853759765625,0.001992940902709961,0.018949508666992188,0.0009975433349609375,0.019945383071899414,23.874681238615665,29.7,48.1
28/05/2022 09:41:51,0.039893150329589844,0.002000093460083008,0.018943071365356445,0.0,0.01894998550415039,25.06695991011451,41.7,48.1
28/05/2022 09:41:51,0.03690052032470703,0.0020227432250976562,0.015929698944091797,0.0009961128234863281,0.01795196533203125,27.099888868787637,56.5,48.1
28/05/2022 09:41:51,0.039893150329589844,0.001994609832763672,0.01798272132873535,0.0,0.01991581916809082,25.06695991011451,13.9,48.1
28/05/2022 09:41:51,0.04089021682739258,0.0019969940185546875,0.01794910430908203,0.0009970664978027344,0.019947052001953125,24.45572749641412,45.9,48.1
28/05/2022 09:41:51,0.03840517997741699,0.0020825862884521484,0.016848087310791016,0.0009987354278564453,0.018475770950317383,26.03815424346455,54.2,48.1
28/05/2022 09:41:51,0.0388946533203125,0.0020036697387695312,0.016946077346801758,0.0,0.01994490623474121,25.7104746959592,22.9,48.1
28/05/2022 09:41:51,0.0388946533203125,0.0029909610748291016,0.016955137252807617,0.0,0.01894855499267578,25.7104746959592,58.3,48.1
28/05/2022 09:41:51,0.04089164733886719,0.0029954910278320312,0.015954017639160156,0.0,0.021942138671875,24.454871962311675,16.2,48.1
28/05/2022 09:41:51,0.03790020942687988,0.001993417739868164,0.01695418357849121,0.0,0.018952608108520508,26.385078476394174,47.2,48.1
28/05/2022 09:41:51,0.037896156311035156,0.0019931793212890625,0.016954660415649414,0.0,0.01894831657409668,26.387900445428695,54.2,48.1
28/05/2022 09:41:51,0.03989219665527344,0.0019927024841308594,0.015956640243530273,0.0009970664978027344,0.02094578742980957,25.0675591680612,22.2,48.1
28/05/2022 09:41:51,0.03693079948425293,0.001993417739868164,0.015956640243530273,0.0,0.018980741500854492,27.07766996559048,58.3,48.1
28/05/2022 09:41:51,0.037897586822509766,0.0019943714141845703,0.016953468322753906,0.0,0.01894974708557129,26.386904387432843,22.2,48.1
28/05/2022 09:41:51,0.03690075874328613,0.0020008087158203125,0.015951871871948242,0.0,0.018948078155517578,27.09971377436633,79.2,48.1
28/05/2022 09:41:51,0.03690195083618164,0.0019943714141845703,0.014960765838623047,0.0009975433349609375,0.018949270248413086,27.09883833619765,8.3,48.1
28/05/2022 09:41:52,0.03690075874328613,0.0019941329956054688,0.015958786010742188,0.0,0.018947839736938477,27.09971377436633,54.2,48.1
28/05/2022 09:41:52,0.03491330146789551,0.001995563507080078,0.014959096908569336,0.0,0.017958641052246094,28.642378633815223,19.4,48.1
28/05/2022 09:41:52,0.03790116310119629,0.0019943714141845703,0.016954421997070312,0.0,0.018952369689941406,26.384414571394423,56.0,48.1
28/05/2022 09:41:52,0.03789782524108887,0.001994609832763672,0.016954898834228516,0.0009970664978027344,0.017951250076293945,26.38673838507754,11.1,48.0
28/05/2022 09:41:52,0.03690004348754883,0.0019943714141845703,0.01595759391784668,0.0,0.018948078155517578,27.10023906441817,66.7,48.0
28/05/2022 09:41:52,0.0388946533203125,0.001993417739868164,0.01795220375061035,0.0,0.018949031829833984,25.7104746959592,12.5,48.1
28/05/2022 09:41:52,0.039893388748168945,0.001993417739868164,0.018951416015625,0.0,0.01894855499267578,25.066810100104586,51.7,48.1
28/05/2022 09:41:52,0.04093456268310547,0.002034425735473633,0.019949913024902344,0.0010013580322265625,0.01794886589050293,24.429233744146494,44.4,48.1
28/05/2022 09:41:52,0.034906864166259766,0.0020983219146728516,0.013857364654541016,0.0,0.0189511775970459,28.647660678915376,16.7,48.1
28/05/2022 09:41:52,0.04786968231201172,0.010973930358886719,0.01794743537902832,0.0009968280792236328,0.017951488494873047,20.890048809642394,42.9,48.1
28/05/2022 09:41:52,0.03490781784057617,0.0021457672119140625,0.013812541961669922,0.0,0.018949508666992188,28.646878030789406,52.0,48.1
28/05/2022 09:41:52,0.03694009780883789,0.0020301342010498047,0.014963388442993164,0.0,0.019946575164794922,27.070854148110858,55.6,48.0
28/05/2022 09:41:52,0.036921024322509766,0.0019953250885009766,0.01595616340637207,0.0,0.01896953582763672,27.084839013806196,54.2,48.1
28/05/2022 09:41:52,0.03390932083129883,0.001995563507080078,0.012967109680175781,0.0,0.01894664764404297,29.490416660807448,62.5,48.1
28/05/2022 09:41:52,0.034888267517089844,0.0019767284393310547,0.013963460922241211,0.0,0.018948078155517578,28.662930869529564,20.0,48.1
28/05/2022 09:41:52,0.03690290451049805,0.0019958019256591797,0.014958620071411133,0.0,0.019948482513427734,27.0981380263855,40.0,48.1
28/05/2022 09:41:52,0.035901546478271484,0.001994609832763672,0.01396036148071289,0.0,0.019946575164794922,27.853953327754976,21.1,48.1
28/05/2022 09:41:52,0.03441739082336426,0.001993894577026367,0.013964176177978516,0.0,0.018459320068359375,29.05507872843021,62.5,48.1
28/05/2022 09:41:52,0.03789949417114258,0.0019960403442382812,0.015956878662109375,0.0,0.019946575164794922,26.38557642707062,54.2,48.1
28/05/2022 09:41:52,0.03690147399902344,0.0019958019256591797,0.01595902442932129,0.0,0.01894664764404297,27.099188504677727,38.9,48.1
28/05/2022 09:41:52,0.0359034538269043,0.0019948482513427734,0.01595783233642578,0.0,0.017950773239135742,27.852473603824954,62.5,48.1
28/05/2022 09:41:52,0.03889656066894531,0.0019948482513427734,0.016954898834228516,0.0,0.019946813583374023,25.70921394596185,52.8,48.1
28/05/2022 09:41:52,0.034909963607788086,0.0019948482513427734,0.013962268829345703,0.0,0.01895284652709961,28.64511722885066,54.2,48.1
28/05/2022 09:41:52,0.0359036922454834,0.0020296573638916016,0.014930248260498047,0.0,0.01894378662109375,27.85228864938808,14.3,48.1
28/05/2022 09:41:52,0.03789782524108887,0.0019965171813964844,0.016953468322753906,0.0,0.018947839736938477,26.38673838507754,52.0,48.1
28/05/2022 09:41:53,0.04983639717102051,0.01393437385559082,0.017951011657714844,0.0,0.017951011657714844,20.065655961612983,41.0,48.1
28/05/2022 09:41:53,0.04898858070373535,0.010092496871948242,0.019947528839111328,0.0,0.01894855499267578,20.412920432368242,48.9,48.1
28/05/2022 09:41:53,0.032912254333496094,0.0019936561584472656,0.01196908950805664,0.0,0.018949508666992188,30.383819651705252,29.2,48.1
28/05/2022 09:41:53,0.03789854049682617,0.0019941329956054688,0.014960289001464844,0.0,0.02094411849975586,26.386240390543414,62.5,48.2
28/05/2022 09:41:53,0.048871755599975586,0.0019948482513427734,0.01894998550415039,0.0,0.027926921844482422,20.461716337452373,46.5,48.2
28/05/2022 09:41:53,0.03690052032470703,0.0019941329956054688,0.014960765838623047,0.0,0.019945621490478516,27.099888868787637,48.3,48.2
28/05/2022 09:41:53,0.03789997100830078,0.001995086669921875,0.015958786010742188,0.0,0.01994609832763672,26.385244457864673,59.4,48.2
28/05/2022 09:41:53,0.040891408920288086,0.0019948482513427734,0.01795172691345215,0.0,0.020944833755493164,24.455014547171903,57.1,48.2
28/05/2022 09:41:53,0.04587721824645996,0.0019948482513427734,0.02293848991394043,0.0,0.020943880081176758,21.797311132245106,44.4,48.1
28/05/2022 09:41:53,0.03690171241760254,0.002012014389038086,0.015940189361572266,0.0,0.018949508666992188,27.099013419306488,11.4,48.2
28/05/2022 09:41:53,0.0359044075012207,0.0019996166229248047,0.014981746673583984,0.0,0.018923044204711914,27.85173380081544,52.0,48.2
28/05/2022 09:41:53,0.03789782524108887,0.0020110607147216797,0.016937255859375,0.0,0.018949508666992188,26.38673838507754,17.1,48.2
28/05/2022 09:41:53,0.03690171241760254,0.0019943714141845703,0.015957117080688477,0.0,0.018950223922729492,27.099013419306488,61.5,48.1
28/05/2022 09:41:53,0.03491830825805664,0.001996755599975586,0.013961076736450195,0.0,0.01896047592163086,28.63827172295129,15.6,48.1
28/05/2022 09:41:53,0.036900997161865234,0.001993894577026367,0.015958786010742188,0.0,0.01894831657409668,27.099538682207605,46.4,48.1
28/05/2022 09:41:53,0.0359039306640625,0.001994609832763672,0.014959335327148438,0.0,0.01894998550415039,27.852103697407564,54.2,48.1
28/05/2022 09:41:53,0.03690171241760254,0.0019953250885009766,0.015956401824951172,0.0,0.01894998550415039,27.099013419306488,16.7,48.1
28/05/2022 09:41:53,0.03690075874328613,0.0019953250885009766,0.015956401824951172,0.0,0.018949031829833984,27.09971377436633,54.2,48.1
28/05/2022 09:41:53,0.0359041690826416,0.002008676528930664,0.014946937561035156,0.0,0.01894855499267578,27.851918747883367,17.6,48.1
28/05/2022 09:41:53,0.03490781784057617,0.0019969940185546875,0.013960599899291992,0.0,0.018950223922729492,28.646878030789406,50.0,48.1
28/05/2022 09:41:53,0.03590273857116699,0.0019953250885009766,0.01495981216430664,0.0,0.018947601318359375,27.853028481874265,23.5,48.1
28/05/2022 09:41:53,0.03889727592468262,0.0019941329956054688,0.015956640243530273,0.0,0.020946502685546875,25.70874119658958,50.0,48.1
28/05/2022 09:41:53,0.03490638732910156,0.0019936561584472656,0.013962268829345703,0.0,0.018950462341308594,28.648052019015353,15.6,48.1
28/05/2022 09:41:53,0.03690218925476074,0.0019958019256591797,0.014959573745727539,0.0,0.019946813583374023,27.098663255351177,58.6,48.1
28/05/2022 09:41:53,0.03590536117553711,0.0020313262939453125,0.014926433563232422,0.0,0.018947601318359375,27.850994037105405,62.5,48.1
28/05/2022 09:41:53,0.03690195083618164,0.001995563507080078,0.01595759391784668,0.0,0.018948793411254883,27.09883833619765,20.6,48.1
28/05/2022 09:41:54,0.036901235580444336,0.0019931793212890625,0.014960050582885742,0.0,0.01994800567626953,27.09936359231142,50.0,48.1
28/05/2022 09:41:54,0.035903215408325195,0.0019953250885009766,0.01495981216430664,0.0,0.018948078155517578,27.852658560718247,25.7,48.2
28/05/2022 09:41:54,0.034906864166259766,0.0019936561584472656,0.01396489143371582,0.0,0.01894831657409668,28.647660678915376,50.0,48.2
28/05/2022 09:41:54,0.03690075874328613,0.002992868423461914,0.013961553573608398,0.0,0.01994633674621582,27.09971377436633,54.2,48.2
28/05/2022 09:41:54,0.035906076431274414,0.0019931793212890625,0.014961957931518555,0.0,0.018950939178466797,27.85043924011129,19.4,48.2
28/05/2022 09:41:54,0.03490757942199707,0.001995086669921875,0.013962268829345703,0.0,0.018950223922729492,28.647073688811787,60.0,48.2
28/05/2022 09:41:54,0.03490757942199707,0.0019941329956054688,0.013966798782348633,0.0,0.01894664764404297,28.647073688811787,14.3,48.2
28/05/2022 09:41:54,0.035903215408325195,0.0019979476928710938,0.015952587127685547,0.0,0.017952680587768555,27.852658560718247,59.1,48.2
28/05/2022 09:41:54,0.037899017333984375,0.001995563507080078,0.0169527530670166,0.0,0.018950700759887695,26.385908404630097,43.6,48.2
28/05/2022 09:41:54,0.03690052032470703,0.001999378204345703,0.01695418357849121,0.0,0.017946958541870117,27.099888868787637,54.2,48.2
28/05/2022 09:41:54,0.035904645919799805,0.001996755599975586,0.014957427978515625,0.0,0.018950462341308594,27.851548856203724,58.6,48.2
28/05/2022 09:41:54,0.03690528869628906,0.001995086669921875,0.015956878662109375,0.0,0.018953323364257812,27.096387410202077,48.4,48.2
28/05/2022 09:41:54,0.03789925575256348,0.0019960403442382812,0.016954421997070312,0.0,0.018948793411254883,26.38574241480615,48.6,48.2
28/05/2022 09:41:54,0.034951210021972656,0.0019927024841308594,0.013962984085083008,0.0,0.01899552345275879,28.611312723403096,16.0,48.2
28/05/2022 09:41:54,0.03690147399902344,0.002003908157348633,0.014950752258300781,0.0,0.019946813583374023,27.099188504677727,62.5,48.2
28/05/2022 09:41:54,0.03534746170043945,0.0019941329956054688,0.014384746551513672,0.0,0.018968582153320312,28.290574538979346,12.1,48.2
28/05/2022 09:41:54,0.03789854049682617,0.001992940902709961,0.015958309173583984,0.0,0.019947290420532227,26.386240390543414,55.6,48.2
28/05/2022 09:41:54,0.0359039306640625,0.0019953250885009766,0.014960527420043945,0.0,0.018948078155517578,27.852103697407564,16.7,48.2
28/05/2022 09:41:54,0.03490591049194336,0.001993894577026367,0.012965917587280273,0.0,0.01994609832763672,28.64844336980725,54.2,48.2
28/05/2022 09:41:54,0.03690147399902344,0.0019936561584472656,0.015958547592163086,0.0,0.018949270248413086,27.099188504677727,50.0,48.2
28/05/2022 09:41:54,0.03690171241760254,0.0019943714141845703,0.014961719512939453,0.0,0.019945621490478516,27.099013419306488,20.8,48.2
28/05/2022 09:41:54,0.04089045524597168,0.0019991397857666016,0.013957023620605469,0.0,0.02493429183959961,24.4555849032401,72.2,48.1
28/05/2022 09:41:54,0.03889632225036621,0.001994609832763672,0.01795053482055664,0.0,0.0189511775970459,25.70937153294962,58.3,48.1
28/05/2022 09:41:54,0.03690171241760254,0.0019943714141845703,0.015958309173583984,0.0,0.018949031829833984,27.099013419306488,17.1,48.1
28/05/2022 09:41:54,0.0359036922454834,0.0030231475830078125,0.014929771423339844,0.0,0.017950773239135742,27.85228864938808,56.0,48.1
28/05/2022 09:41:54,0.036902427673339844,0.0019958019256591797,0.012970447540283203,0.0,0.02193617820739746,27.098488176767024,23.5,48.1
28/05/2022 09:41:55,0.03889799118041992,0.0019953250885009766,0.016953468322753906,0.0,0.01994919776916504,25.708268464603126,59.3,48.1
28/05/2022 09:41:55,0.0359036922454834,0.002022981643676758,0.015933990478515625,0.0,0.017946720123291016,27.85228864938808,23.5,48.1
28/05/2022 09:41:55,0.035903215408325195,0.001993417739868164,0.014960289001464844,0.0,0.018949508666992188,27.852658560718247,51.9,48.1
28/05/2022 09:41:55,0.03432774543762207,0.001993894577026367,0.013964176177978516,0.0,0.018369674682617188,29.13095477875553,25.7,48.1
28/05/2022 09:41:55,0.03690028190612793,0.0019936561584472656,0.015958309173583984,0.0,0.01894831657409668,27.100063965471566,56.0,48.1
28/05/2022 09:41:55,0.03690052032470703,0.00202178955078125,0.015928983688354492,0.0,0.01894974708557129,27.099888868787637,51.4,48.1
28/05/2022 09:41:55,0.03441667556762695,0.0019965171813964844,0.013470649719238281,0.0,0.018949508666992188,29.055682558155645,20.0,48.1
28/05/2022 09:41:55,0.03789806365966797,0.0019936561584472656,0.015958070755004883,0.0,0.01994633674621582,26.38657238481089,53.8,48.1
28/05/2022 09:41:55,0.03439617156982422,0.0019943714141845703,0.012964963912963867,0.0,0.01943683624267578,29.073003022153216,14.7,48.1
28/05/2022 09:41:55,0.03690147399902344,0.0020904541015625,0.01586127281188965,0.0,0.01894974708557129,27.099188504677727,50.0,48.1
28/05/2022 09:41:55,0.039893388748168945,0.00299072265625,0.01795220375061035,0.0,0.018950462341308594,25.066810100104586,48.6,48.1
28/05/2022 09:41:55,0.03537106513977051,0.0019927024841308594,0.014961004257202148,0.0,0.0184173583984375,28.27169597659699,70.8,48.1
28/05/2022 09:41:55,0.0359036922454834,0.001997232437133789,0.01595330238342285,0.0,0.017953157424926758,27.85228864938808,62.9,48.2
28/05/2022 09:41:55,0.03690004348754883,0.001992940902709961,0.01595783233642578,0.0,0.018949270248413086,27.10023906441817,52.0,48.2
28/05/2022 09:41:55,0.03690171241760254,0.001993894577026367,0.013962745666503906,0.0,0.020945072174072266,27.099013419306488,72.0,48.2
28/05/2022 09:41:55,0.034906625747680664,0.0019941329956054688,0.012966394424438477,0.0,0.01994609832763672,28.647856347628903,33.3,48.2
28/05/2022 09:41:55,0.03490614891052246,0.0019941329956054688,0.0139617919921875,0.0,0.018950223922729492,28.648247693074783,56.5,48.2
28/05/2022 09:41:55,0.03393268585205078,0.0019936561584472656,0.013966798782348633,0.0,0.017972230911254883,29.47011045220764,64.0,48.2
28/05/2022 09:41:55,0.03490567207336426,0.0019948482513427734,0.01296377182006836,0.0,0.019947052001953125,28.6486390492128,22.2,48.2
28/05/2022 09:41:55,0.03989243507385254,0.0029909610748291016,0.01698446273803711,0.0,0.019917011260986328,25.06740935088841,54.2,48.2
28/05/2022 09:41:55,0.03590250015258789,0.0020012855529785156,0.01395416259765625,0.0,0.019947052001953125,27.85321344613709,25.0,48.2
28/05/2022 09:41:55,0.03989267349243164,0.0019941329956054688,0.018950223922729492,0.0,0.01894831657409668,25.067259535506388,62.5,48.2
28/05/2022 09:41:55,0.036901235580444336,0.0020165443420410156,0.014974594116210938,0.0,0.019910097122192383,27.09936359231142,22.2,48.2
28/05/2022 09:41:55,0.03807520866394043,0.0021686553955078125,0.016957521438598633,0.0,0.018949031829833984,26.263808790286728,54.2,48.2
28/05/2022 09:41:55,0.035903215408325195,0.0021326541900634766,0.014824151992797852,0.0,0.018946409225463867,27.852658560718247,24.3,48.2
28/05/2022 09:41:55,0.036900997161865234,0.001996278762817383,0.015956640243530273,0.0,0.018948078155517578,27.099538682207605,56.0,48.2
28/05/2022 09:41:56,0.03789782524108887,0.001995086669921875,0.01595759391784668,0.0,0.019945144653320312,26.38673838507754,22.2,48.2
28/05/2022 09:41:56,0.03690171241760254,0.001997709274291992,0.015953779220581055,0.0,0.018950223922729492,27.099013419306488,54.2,48.2
28/05/2022 09:41:56,0.0359039306640625,0.001995563507080078,0.014960289001464844,0.0,0.018948078155517578,27.852103697407564,22.2,48.2
28/05/2022 09:41:56,0.0359034538269043,0.001993894577026367,0.01495981216430664,0.0,0.01894974708557129,27.852473603824954,60.9,48.2
28/05/2022 09:41:56,0.0359034538269043,0.0019953250885009766,0.014958858489990234,0.0,0.018949270248413086,27.852473603824954,16.2,48.2
28/05/2022 09:41:56,0.035903215408325195,0.0019948482513427734,0.014959096908569336,0.0,0.018949270248413086,27.852658560718247,58.3,48.2
28/05/2022 09:41:56,0.03690075874328613,0.0019948482513427734,0.015957117080688477,0.0,0.018948793411254883,27.09971377436633,47.2,48.2
28/05/2022 09:41:56,0.03690171241760254,0.0019943714141845703,0.016954421997070312,0.0,0.017952919006347656,27.099013419306488,56.5,48.2
28/05/2022 09:41:56,0.03789925575256348,0.0019960403442382812,0.01595759391784668,0.0,0.019945621490478516,26.38574241480615,67.6,48.2
28/05/2022 09:41:56,0.03690004348754883,0.0029904842376708984,0.01595926284790039,0.0,0.01795029640197754,27.10023906441817,56.5,48.2
28/05/2022 09:41:56,0.04089093208312988,0.0019953250885009766,0.015963077545166016,0.0,0.02293252944946289,24.455299721880486,47.4,48.2
28/05/2022 09:41:56,0.03840780258178711,0.0019943714141845703,0.016955137252807617,0.0,0.019458293914794922,26.036376277204614,76.0,48.2
28/05/2022 09:41:56,0.03490614891052246,0.001997709274291992,0.01396036148071289,0.0,0.018948078155517578,28.648247693074783,13.9,48.2
28/05/2022 09:41:56,0.03689980506896973,0.0019941329956054688,0.015958070755004883,0.0,0.018947601318359375,27.100414165627484,63.6,48.2
28/05/2022 09:41:56,0.03789830207824707,0.0029926300048828125,0.014959335327148438,0.0,0.01994633674621582,26.386406386632864,23.1,48.2
28/05/2022 09:41:56,0.03390860557556152,0.0019936561584472656,0.01196908950805664,0.0,0.019945859909057617,29.491038720881996,12.5,48.1
28/05/2022 09:41:56,0.03789806365966797,0.001994609832763672,0.01695394515991211,0.0,0.018949508666992188,26.38657238481089,69.2,48.2
28/05/2022 09:41:56,0.03789854049682617,0.0019958019256591797,0.015959501266479492,0.0,0.0199432373046875,26.386240390543414,27.0,48.2
28/05/2022 09:41:56,0.04288482666015625,0.001994609832763672,0.019946813583374023,0.0,0.020943403244018555,23.318270770325565,55.6,48.2
28/05/2022 09:41:56,0.036900997161865234,0.0029916763305664062,0.014960289001464844,0.0,0.018949031829833984,27.099538682207605,58.3,48.2
28/05/2022 09:41:56,0.03789854049682617,0.0019948482513427734,0.015957117080688477,0.0,0.019946575164794922,26.386240390543414,22.2,48.2
28/05/2022 09:41:56,0.03789806365966797,0.0019948482513427734,0.01695394515991211,0.0,0.018949270248413086,26.38657238481089,60.0,48.2
28/05/2022 09:41:56,0.03590512275695801,0.001995086669921875,0.01396322250366211,0.0,0.019946813583374023,27.85117897434876,13.9,48.2
28/05/2022 09:41:56,0.0359036922454834,0.0019943714141845703,0.014965057373046875,0.0,0.018944263458251953,27.85228864938808,54.2,48.2
28/05/2022 09:41:56,0.03642392158508301,0.0019969940185546875,0.015963315963745117,0.0,0.018463611602783203,27.454484758432447,27.8,48.2
28/05/2022 09:41:56,0.03789782524108887,0.0019936561584472656,0.014961719512939453,0.0,0.02094244956970215,26.38673838507754,54.2,48.2
28/05/2022 09:41:57,0.037897348403930664,0.001994609832763672,0.01595592498779297,0.0,0.019946813583374023,26.387070391876843,16.7,48.2
28/05/2022 09:41:57,0.03641080856323242,0.00250244140625,0.014960527420043945,0.0,0.018947839736938477,27.464372241648004,58.3,48.2
28/05/2022 09:41:57,0.03789782524108887,0.001994609832763672,0.016954660415649414,0.0,0.01894855499267578,26.38673838507754,36.1,48.2
28/05/2022 09:41:57,0.034906864166259766,0.001994609832763672,0.01296544075012207,0.0,0.019946813583374023,28.647660678915376,54.2,48.2
28/05/2022 09:41:57,0.03590273857116699,0.0019941329956054688,0.014961004257202148,0.0,0.018947601318359375,27.853028481874265,50.0,48.2
28/05/2022 09:41:57,0.03889584541320801,0.0019953250885009766,0.01595759391784668,0.0,0.02094292640686035,25.7096867127209,56.0,48.2
28/05/2022 09:41:57,0.03690195083618164,0.0039920806884765625,0.013959407806396484,0.0,0.018950462341308594,27.09883833619765,14.7,48.2
28/05/2022 09:41:57,0.03490638732910156,0.0019953250885009766,0.013962745666503906,0.0,0.01894831657409668,28.648052019015353,15.4,48.2
28/05/2022 09:41:57,0.03690147399902344,0.001995086669921875,0.015957355499267578,0.0,0.018949031829833984,27.099188504677727,54.2,48.2
28/05/2022 09:41:57,0.03490638732910156,0.0019941329956054688,0.013962745666503906,0.0,0.018949508666992188,28.648052019015353,19.4,48.2
28/05/2022 09:41:57,0.038895368576049805,0.0019948482513427734,0.016955852508544922,0.0009968280792236328,0.018947839736938477,25.710001900220057,58.3,48.2
28/05/2022 09:41:57,0.03789830207824707,0.0019960403442382812,0.016954421997070312,0.0,0.018947839736938477,26.386406386632864,23.5,48.2
28/05/2022 09:41:57,0.03490710258483887,0.0019943714141845703,0.012965202331542969,0.0,0.019947528839111328,28.647465012874715,50.0,48.2
28/05/2022 09:41:57,0.038895368576049805,0.001994609832763672,0.017952919006347656,0.0,0.018947839736938477,25.710001900220057,20.6,48.2
28/05/2022 09:41:57,0.03789877891540527,0.0029926300048828125,0.015956878662109375,0.0,0.018949270248413086,26.386074396542504,50.0,48.2
28/05/2022 09:41:57,0.03989458084106445,0.0019969940185546875,0.01894831657409668,0.0,0.018949270248413086,25.066061076913883,22.2,48.2
28/05/2022 09:41:57,0.0359034538269043,0.001996755599975586,0.014958858489990234,0.0010042190551757812,0.017943620681762695,27.852473603824954,54.2,48.2
28/05/2022 09:41:57,0.04089069366455078,0.002994537353515625,0.018947362899780273,0.0,0.018948793411254883,24.4554423117289,8.6,48.2
28/05/2022 09:41:57,0.03690075874328613,0.001995086669921875,0.015958070755004883,0.0,0.018947601318359375,27.09971377436633,61.5,48.2
28/05/2022 09:41:57,0.03989291191101074,0.001994609832763672,0.017953157424926758,0.000997304916381836,0.018947839736938477,25.0671097219151,47.2,48.2
28/05/2022 09:41:57,0.03989458084106445,0.002992868423461914,0.01695537567138672,0.0,0.01994633674621582,25.066061076913883,35.5,48.3
28/05/2022 09:41:57,0.038895368576049805,0.0019958019256591797,0.01795220375061035,0.0,0.018947362899780273,25.710001900220057,48.3,48.3
28/05/2022 09:41:57,0.03690171241760254,0.0019979476928710938,0.015955448150634766,0.0,0.01894831657409668,27.099013419306488,14.3,48.3
28/05/2022 09:41:57,0.045876502990722656,0.0019958019256591797,0.017951488494873047,0.0009970664978027344,0.024932146072387695,21.79765097183245,89.5,48.3
28/05/2022 09:41:57,0.04089045524597168,0.0029942989349365234,0.017949581146240234,0.0,0.019946575164794922,24.4555849032401,48.6,48.2
28/05/2022 09:41:58,0.03789997100830078,0.001997232437133789,0.015955448150634766,0.0009970664978027344,0.018950223922729492,26.385244457864673,64.0,48.2
28/05/2022 09:41:58,0.0359039306640625,0.0019941329956054688,0.013962745666503906,0.0,0.019947052001953125,27.852103697407564,22.2,48.2
28/05/2022 09:41:58,0.03889632225036621,0.0019953250885009766,0.016955137252807617,0.0,0.019945859909057617,25.70937153294962,54.2,48.2
28/05/2022 09:41:58,0.04144120216369629,0.0019941329956054688,0.01894974708557129,0.0,0.02049732208251953,24.130574109552,19.4,48.3
28/05/2022 09:41:58,0.0359036922454834,0.001998424530029297,0.013959884643554688,0.0,0.019945383071899414,27.85228864938808,62.5,48.3
28/05/2022 09:41:58,0.036901235580444336,0.0019948482513427734,0.015956640243530273,0.0,0.01894974708557129,27.09936359231142,27.8,48.3
28/05/2022 09:41:58,0.0388951301574707,0.0019943714141845703,0.016953468322753906,0.0,0.019947290420532227,25.710159496867682,40.0,48.2
28/05/2022 09:41:58,0.038895606994628906,0.001995086669921875,0.016954898834228516,0.0,0.019945621490478516,25.709844305504475,59.3,48.3
28/05/2022 09:41:58,0.03789782524108887,0.002991199493408203,0.015957117080688477,0.0,0.018949508666992188,26.38673838507754,20.0,48.3
28/05/2022 09:41:58,0.036901235580444336,0.0019948482513427734,0.014961004257202148,0.000997781753540039,0.018947601318359375,27.09936359231142,44.8,48.3
28/05/2022 09:41:58,0.037897348403930664,0.0029916763305664062,0.014959335327148438,0.0,0.01994633674621582,26.387070391876843,51.4,48.2
28/05/2022 09:41:58,0.03989124298095703,0.001993894577026367,0.01795220375061035,0.0,0.019945144653320312,25.068158454660644,62.5,48.3
28/05/2022 09:41:58,0.034906625747680664,0.001994609832763672,0.013963699340820312,0.0,0.01894831657409668,28.647856347628903,54.2,48.3
28/05/2022 09:41:58,0.03789830207824707,0.001994609832763672,0.015957355499267578,0.0009975433349609375,0.018948793411254883,26.386406386632864,19.4,48.3
28/05/2022 09:41:58,0.039412736892700195,0.0019948482513427734,0.017472267150878906,0.0009975433349609375,0.018948078155517578,25.372508453865187,48.6,48.3
28/05/2022 09:41:58,0.03490614891052246,0.0019979476928710938,0.01396036148071289,0.0,0.018947839736938477,28.648247693074783,12.0,48.3
28/05/2022 09:41:58,0.040401458740234375,0.002994537353515625,0.01795053482055664,0.0,0.01945638656616211,24.751581531489,45.7,48.3
28/05/2022 09:41:58,0.038897037506103516,0.002994537353515625,0.015954971313476562,0.0,0.019947528839111328,25.708898777781865,56.0,48.3
28/05/2022 09:41:58,0.04188680648803711,0.0019960403442382812,0.019945144653320312,0.0,0.019945621490478516,23.873865874344,50.0,48.2
28/05/2022 09:41:58,0.037412405014038086,0.001996278762817383,0.015468597412109375,0.0,0.019947528839111328,26.729102275696377,54.2,48.3
28/05/2022 09:41:58,0.04089021682739258,0.001994609832763672,0.018954038619995117,0.000993490219116211,0.018948078155517578,24.45572749641412,41.7,48.3
28/05/2022 09:41:58,0.0359036922454834,0.001996755599975586,0.014960765838623047,0.0,0.018946170806884766,27.85228864938808,16.7,48.3
28/05/2022 09:41:58,0.03889584541320801,0.0029926300048828125,0.016955137252807617,0.0,0.018948078155517578,25.7096867127209,54.2,48.4
28/05/2022 09:41:58,0.03789830207824707,0.001994609832763672,0.01595783233642578,0.0009970664978027344,0.018948793411254883,26.386406386632864,19.4,48.3
28/05/2022 09:41:58,0.0388941764831543,0.0019931793212890625,0.016953468322753906,0.0,0.019947528839111328,25.71078990277931,54.2,48.3
28/05/2022 09:41:59,0.03889584541320801,0.0019948482513427734,0.016955852508544922,0.0,0.019945144653320312,25.7096867127209,25.0,48.3
28/05/2022 09:41:59,0.0359039306640625,0.001996755599975586,0.013961315155029297,0.0009970664978027344,0.018948793411254883,27.852103697407564,54.2,48.3
28/05/2022 09:41:59,0.03889656066894531,0.001995563507080078,0.016954898834228516,0.0,0.01994609832763672,25.70921394596185,11.1,48.3
28/05/2022 09:41:59,0.040891408920288086,0.002993345260620117,0.017950057983398438,0.0,0.01994800567626953,24.455014547171903,38.9,48.3
28/05/2022 09:41:59,0.03789854049682617,0.0019953250885009766,0.01595783233642578,0.0,0.019945383071899414,26.386240390543414,68.0,48.3
28/05/2022 09:41:59,0.038895606994628906,0.001995563507080078,0.016954660415649414,0.0009987354278564453,0.01894664764404297,25.709844305504475,22.2,48.3
28/05/2022 09:41:59,0.03490638732910156,0.002994537353515625,0.011965513229370117,0.000997781753540039,0.01894855499267578,28.648052019015353,58.3,48.3
28/05/2022 09:41:59,0.03889608383178711,0.0019953250885009766,0.016954660415649414,0.0,0.01994609832763672,25.70952912186929,55.0,48.3
28/05/2022 09:41:59,0.04288649559020996,0.0029942989349365234,0.01994466781616211,0.0,0.019947528839111328,23.317363338688786,62.5,48.4
28/05/2022 09:41:59,0.041887760162353516,0.0019948482513427734,0.01994776725769043,0.0,0.019945144653320312,23.873322329102397,52.6,48.4
28/05/2022 09:41:59,0.036901235580444336,0.001995563507080078,0.01495981216430664,0.0,0.019945859909057617,27.09936359231142,66.7,48.4
28/05/2022 09:41:59,0.038895606994628906,0.0019969940185546875,0.017951011657714844,0.0,0.018947601318359375,25.709844305504475,54.2,48.4
28/05/2022 09:41:59,0.036901235580444336,0.002992868423461914,0.013962984085083008,0.0009975433349609375,0.018947839736938477,27.09936359231142,22.9,48.4
28/05/2022 09:41:59,0.04487967491149902,0.001995086669921875,0.015958547592163086,0.0,0.026926040649414062,22.281801327036373,67.6,48.4
28/05/2022 09:41:59,0.036900997161865234,0.001994609832763672,0.015958309173583984,0.0,0.018948078155517578,27.099538682207605,60.9,48.4
28/05/2022 09:41:59,0.03889584541320801,0.001994609832763672,0.015957117080688477,0.0,0.02094411849975586,25.7096867127209,14.7,48.4
28/05/2022 09:41:59,0.0384058952331543,0.0019981861114501953,0.016951560974121094,0.0,0.019456148147583008,26.037669319493936,51.9,48.4
28/05/2022 09:41:59,0.035904884338378906,0.001995086669921875,0.013962507247924805,0.0009970664978027344,0.018950223922729492,27.851363914048182,13.9,48.4
28/05/2022 09:41:59,0.04088926315307617,0.0019936561584472656,0.017952442169189453,0.0,0.020943164825439453,24.45629788573894,58.3,48.4
28/05/2022 09:41:59,0.0388948917388916,0.00299072265625,0.01695537567138672,0.0,0.018948793411254883,25.710317095447383,11.4,48.4
28/05/2022 09:41:59,0.03797340393066406,0.001997709274291992,0.015955686569213867,0.0,0.020020008087158203,26.334220704204128,59.5,48.4
28/05/2022 09:41:59,0.03789663314819336,0.002001523971557617,0.016947031021118164,0.0,0.018948078155517578,26.387568417741427,16.7,48.4
28/05/2022 09:41:59,0.0388951301574707,0.0019943714141845703,0.01695418357849121,0.0,0.019946575164794922,25.710159496867682,61.1,48.3
28/05/2022 09:41:59,0.03889608383178711,0.0019948482513427734,0.016954421997070312,0.0,0.019946813583374023,25.70952912186929,70.8,48.4
28/05/2022 09:41:59,0.03989291191101074,0.0019943714141845703,0.017952442169189453,0.0009970664978027344,0.018949031829833984,25.0671097219151,22.2,48.4
28/05/2022 09:42:00,0.042885541915893555,0.0019943714141845703,0.018950462341308594,0.0,0.02194070816040039,23.317881862404448,67.7,48.4
28/05/2022 09:42:00,0.04288625717163086,0.001995086669921875,0.019946813583374023,0.0,0.02094435691833496,23.31749296745572,52.9,48.4
28/05/2022 09:42:00,0.036900997161865234,0.002991914749145508,0.014960050582885742,0.0,0.018949031829833984,27.099538682207605,41.9,48.4
28/05/2022 09:42:00,0.0359036922454834,0.0019953250885009766,0.014960050582885742,0.0,0.01894831657409668,27.85228864938808,56.0,48.4
28/05/2022 09:42:00,0.03840827941894531,0.0015034675598144531,0.01695728302001953,0.0,0.019947528839111328,26.036053036698615,19.4,48.4
28/05/2022 09:42:00,0.03789830207824707,0.0019965171813964844,0.0169522762298584,0.0,0.018949508666992188,26.386406386632864,50.0,48.4
28/05/2022 09:42:00,0.04089093208312988,0.0019958019256591797,0.017951250076293945,0.0,0.020943880081176758,24.455299721880486,10.0,48.4
28/05/2022 09:42:00,0.0388944149017334,0.0029926300048828125,0.0169527530670166,0.0,0.018949031829833984,25.710632298403162,28.1,48.3
28/05/2022 09:42:00,0.03889632225036621,0.001995086669921875,0.017952919006347656,0.0,0.01894831657409668,25.70937153294962,51.7,48.4
28/05/2022 09:42:00,0.034906864166259766,0.001997709274291992,0.013960838317871094,0.0,0.01894831657409668,28.647660678915376,13.9,48.4
28/05/2022 09:42:00,0.03889632225036621,0.0019943714141845703,0.017952442169189453,0.0,0.018949508666992188,25.70937153294962,54.2,48.4
28/05/2022 09:42:00,0.0359044075012207,0.0019979476928710938,0.014957427978515625,0.0,0.018949031829833984,27.85173380081544,14.3,48.4
28/05/2022 09:42:00,0.041887760162353516,0.0019948482513427734,0.019948482513427734,0.0,0.019944429397583008,23.873322329102397,60.0,48.4
28/05/2022 09:42:00,0.039893150329589844,0.002992391586303711,0.016955137252807617,0.0,0.019945621490478516,25.06695991011451,57.7,48.3
28/05/2022 09:42:00,0.04089069366455078,0.0019948482513427734,0.01994776725769043,0.0,0.018948078155517578,24.4554423117289,31.4,48.4
28/05/2022 09:42:00,0.037899017333984375,0.0020101070404052734,0.016939640045166016,0.0,0.018949270248413086,26.385908404630097,52.0,48.4
28/05/2022 09:42:00,0.04089045524597168,0.0019948482513427734,0.018950223922729492,0.0,0.019945383071899414,24.4555849032401,30.6,48.4
28/05/2022 09:42:00,0.03889584541320801,0.0019974708557128906,0.0169527530670166,0.0,0.019945621490478516,25.7096867127209,47.2,48.4
28/05/2022 09:42:00,0.038895606994628906,0.001996755599975586,0.016953706741333008,0.0009999275207519531,0.01894521713256836,25.709844305504475,64.0,48.4
28/05/2022 09:42:00,0.04388236999511719,0.0029916763305664062,0.02094745635986328,0.0009961128234863281,0.018947124481201172,22.788194897205198,48.6,48.4
28/05/2022 09:42:00,0.03789854049682617,0.0019953250885009766,0.01695537567138672,0.0,0.018947839736938477,26.386240390543414,16.7,48.4
28/05/2022 09:42:00,0.037897348403930664,0.001996755599975586,0.016951322555541992,0.0,0.018949270248413086,26.387070391876843,54.2,48.4
28/05/2022 09:42:00,0.04288530349731445,0.001995086669921875,0.01795339584350586,0.0,0.02293682098388672,23.318011496936744,13.9,48.4
28/05/2022 09:42:00,0.05086493492126465,0.001994609832763672,0.023935556411743164,0.0,0.024934768676757812,19.659909160366173,77.8,48.4
28/05/2022 09:42:01,0.04288530349731445,0.002992868423461914,0.01994633674621582,0.000997304916381836,0.018948793411254883,23.318011496936744,59.3,48.4
28/05/2022 09:42:01,0.036901235580444336,0.001997709274291992,0.015955209732055664,0.0,0.01894831657409668,27.09936359231142,22.2,48.4
28/05/2022 09:42:01,0.03590250015258789,0.0019931793212890625,0.01496124267578125,0.0,0.018948078155517578,27.85321344613709,54.2,48.4
28/05/2022 09:42:01,0.039893150329589844,0.001996278762817383,0.017950057983398438,0.0009989738464355469,0.018947839736938477,25.06695991011451,19.4,48.4
28/05/2022 09:42:01,0.04140114784240723,0.001997232437133789,0.017462968826293945,0.0,0.021940946578979492,24.153919688567168,69.4,48.4
28/05/2022 09:42:01,0.036901235580444336,0.001994609832763672,0.015958309173583984,0.0,0.01894831657409668,27.09936359231142,58.3,48.4
28/05/2022 09:42:01,0.04089021682739258,0.0039899349212646484,0.01795172691345215,0.0,0.01894855499267578,24.45572749641412,27.8,48.4
28/05/2022 09:42:01,0.03690147399902344,0.002994060516357422,0.015956401824951172,0.0,0.017951011657714844,27.099188504677727,58.3,48.4
28/05/2022 09:42:01,0.0388951301574707,0.0029916763305664062,0.016954421997070312,0.0,0.018949031829833984,25.710159496867682,47.2,48.4
28/05/2022 09:42:01,0.03690195083618164,0.0019979476928710938,0.0169525146484375,0.0,0.017951488494873047,27.09883833619765,62.5,48.4
28/05/2022 09:42:01,0.03789949417114258,0.001996755599975586,0.015953779220581055,0.0,0.019948959350585938,26.38557642707062,11.1,48.4
28/05/2022 09:42:01,0.036900997161865234,0.001994609832763672,0.015957117080688477,0.0009980201721191406,0.017951250076293945,27.099538682207605,62.5,48.4
28/05/2022 09:42:01,0.04088950157165527,0.001996755599975586,0.01894664764404297,0.0,0.01994609832763672,24.456155285913365,19.4,48.4
28/05/2022 09:42:01,0.03889322280883789,0.0019953250885009766,0.01794886589050293,0.0,0.018949031829833984,25.71142033960645,16.7,48.4
28/05/2022 09:42:01,0.03690671920776367,0.0019969940185546875,0.015961647033691406,0.0,0.018948078155517578,27.095337149058775,54.2,48.4
28/05/2022 09:42:01,0.03989219665527344,0.0019941329956054688,0.017951488494873047,0.0,0.019946575164794922,25.0675591680612,13.9,48.4
28/05/2022 09:42:01,0.03640890121459961,0.0019943714141845703,0.014961004257202148,0.0,0.01945352554321289,27.465811014340908,64.0,48.3
28/05/2022 09:42:01,0.03889608383178711,0.0019948482513427734,0.01695537567138672,0.0009980201721191406,0.018947839736938477,25.70952912186929,33.3,48.3
28/05/2022 09:42:01,0.0359034538269043,0.001995086669921875,0.015956878662109375,0.0,0.017951488494873047,27.852473603824954,58.3,48.3
28/05/2022 09:42:01,0.0511012077331543,0.014199495315551758,0.018951892852783203,0.0,0.017949819564819336,19.56900911661239,18.8,48.3
28/05/2022 09:42:01,0.03989148139953613,0.002017974853515625,0.017926692962646484,0.0,0.019946813583374023,25.068008630324474,59.3,48.3
28/05/2022 09:42:01,0.03391003608703613,0.0019936561584472656,0.012984752655029297,0.0,0.01893162727355957,29.48979462697481,9.1,48.3
