date,time,t_total,t_capture,t_detect,t_drawrec,t_display,fps,cpu,ram
26/05/2022,23:13:36,0.033915042877197266,0.0020210742950439453,0.013936519622802734,0.0,0.017957448959350586,29.485441124780316,41.7,48.0
26/05/2022,23:13:36,0.03291177749633789,0.001999378204345703,0.013957738876342773,0.0,0.016954660415649414,30.384259862940265,54.2,47.9
26/05/2022,23:13:36,0.03490781784057617,0.0019948482513427734,0.014959335327148438,0.0,0.01795363426208496,28.646878030789406,15.6,48.0
26/05/2022,23:13:36,0.0438847541809082,0.0021598339080810547,0.017787694931030273,0.0,0.023937225341796875,22.786956852433367,81.4,48.0
26/05/2022,23:13:36,0.05882763862609863,0.0029840469360351562,0.03290510177612305,0.0,0.02293848991394043,16.998812520010862,52.1,48.3
26/05/2022,23:13:37,0.043880462646484375,0.001991748809814453,0.021940946578979492,0.0,0.01994776725769043,22.789185429887855,60.6,48.4
26/05/2022,23:13:37,0.043881893157958984,0.0019936561584472656,0.016955852508544922,0.0,0.024932384490966797,22.78844252230324,88.9,48.4
26/05/2022,23:13:37,0.03989219665527344,0.001994609832763672,0.018948793411254883,0.0,0.018948793411254883,25.0675591680612,27.8,48.4
26/05/2022,23:13:37,0.046823740005493164,0.007940530776977539,0.018937110900878906,0.0009982585906982422,0.018947839736938477,21.356687865657126,45.9,48.4
26/05/2022,23:13:37,0.04188823699951172,0.0019981861114501953,0.019944190979003906,0.0,0.019945859909057617,23.873050565762814,19.4,48.4
26/05/2022,23:13:37,0.041887521743774414,0.0019941329956054688,0.021941423416137695,0.0,0.01795196533203125,23.87345821309245,48.5,48.4
26/05/2022,23:13:37,0.0388951301574707,0.002007007598876953,0.016942262649536133,0.0,0.019945859909057617,25.710159496867682,59.3,48.4
26/05/2022,23:13:37,0.03989291191101074,0.001994609832763672,0.018949031829833984,0.0,0.018949270248413086,25.0671097219151,56.8,48.4
26/05/2022,23:13:37,0.038895606994628906,0.0019943714141845703,0.016955137252807617,0.0,0.01994609832763672,25.709844305504475,51.4,48.4
26/05/2022,23:13:37,0.06183338165283203,0.022937536239624023,0.019946813583374023,0.0,0.018949031829833984,16.17249410059071,55.1,48.4
26/05/2022,23:13:37,0.038896799087524414,0.0019974708557128906,0.01795220375061035,0.0,0.018947124481201172,25.709056360905944,52.0,48.4
26/05/2022,23:13:37,0.040889739990234375,0.0019936561584472656,0.01894998550415039,0.0,0.01994609832763672,24.45601268775072,58.3,48.5
26/05/2022,23:13:37,0.04089069366455078,0.0019948482513427734,0.018950462341308594,0.0,0.019945383071899414,24.4554423117289,50.0,48.5
26/05/2022,23:13:37,0.04487943649291992,0.0019965171813964844,0.021939516067504883,0.0,0.020943403244018555,22.28191969740435,51.4,48.4
26/05/2022,23:13:37,0.040762901306152344,0.0019953250885009766,0.01882028579711914,0.0,0.019947290420532227,24.532110521020986,66.7,48.5
26/05/2022,23:13:37,0.03989243507385254,0.001997709274291992,0.017948627471923828,0.0,0.01994609832763672,25.06740935088841,44.4,48.4
26/05/2022,23:13:37,0.041426658630371094,0.0019965171813964844,0.019946575164794922,0.0,0.019483566284179688,24.139045558139,18.9,48.5
26/05/2022,23:13:37,0.04288530349731445,0.001997232437133789,0.01894664764404297,0.0,0.021941423416137695,23.318011496936744,55.6,48.5
26/05/2022,23:13:37,0.04088997840881348,0.0019965171813964844,0.019945144653320312,0.0,0.01894831657409668,24.455870091250983,56.0,48.5
26/05/2022,23:13:37,0.04089188575744629,0.0019953250885009766,0.016954898834228516,0.0009975433349609375,0.02094411849975586,24.45472937911412,41.7,48.5
26/05/2022,23:13:37,0.043883323669433594,0.0019953250885009766,0.01795172691345215,0.0,0.02393627166748047,22.78769966315332,47.2,48.5
26/05/2022,23:13:37,0.0499119758605957,0.011016130447387695,0.019947528839111328,0.0,0.01894831657409668,20.035271751072386,41.7,48.5
26/05/2022,23:13:37,0.04388165473937988,0.0019948482513427734,0.020945072174072266,0.0,0.020941734313964844,22.788566336870357,47.2,48.5
26/05/2022,23:13:38,0.03989386558532715,0.0019943714141845703,0.018948793411254883,0.0,0.018950700759887695,25.06651048545662,27.8,48.5
26/05/2022,23:13:38,0.03789639472961426,0.0019931793212890625,0.016954421997070312,0.0,0.018948793411254883,26.387734430540615,50.0,48.5
26/05/2022,23:13:38,0.0388941764831543,0.0019936561584472656,0.017959117889404297,0.0,0.018941402435302734,25.71078990277931,54.2,48.5
26/05/2022,23:13:38,0.04388594627380371,0.0019953250885009766,0.021941184997558594,0.0,0.01994943618774414,22.786337880491768,50.0,48.5
26/05/2022,23:13:38,0.04089045524597168,0.0019943714141845703,0.01994776725769043,0.0,0.01894831657409668,24.4555849032401,14.3,48.5
26/05/2022,23:13:38,0.038895368576049805,0.0020134449005126953,0.01593756675720215,0.0,0.02094435691833496,25.710001900220057,48.6,48.5
26/05/2022,23:13:38,0.044879913330078125,0.0029926300048828125,0.022940397262573242,0.0,0.01894688606262207,22.28168295792605,70.8,48.5
26/05/2022,23:13:38,0.05758166313171387,0.013698816299438477,0.024932861328125,0.0,0.01894998550415039,17.366639753224437,39.6,48.5
26/05/2022,23:13:38,0.04488015174865723,0.0029926300048828125,0.022939205169677734,0.0,0.01894831657409668,22.281564590073362,41.7,48.5
26/05/2022,23:13:38,0.038895606994628906,0.0019953250885009766,0.017950773239135742,0.0,0.018949508666992188,25.709844305504475,13.9,48.5
26/05/2022,23:13:38,0.038897037506103516,0.0019953250885009766,0.01695418357849121,0.0,0.019947528839111328,25.708898777781865,50.0,48.5
26/05/2022,23:13:38,0.0359036922454834,0.0019943714141845703,0.01595783233642578,0.0,0.017951488494873047,27.85228864938808,12.5,48.5
26/05/2022,23:13:38,0.037900686264038086,0.0020012855529785156,0.01694965362548828,0.0,0.01894974708557129,26.38474651971793,54.2,48.5
26/05/2022,23:13:38,0.04388093948364258,0.0019958019256591797,0.02193927764892578,0.0,0.019945859909057617,22.78893778864439,45.9,48.5
26/05/2022,23:13:38,0.03989386558532715,0.0019948482513427734,0.01795172691345215,0.0,0.019947290420532227,25.06651048545662,22.2,48.5
26/05/2022,23:13:38,0.04288434982299805,0.0019948482513427734,0.021941423416137695,0.0,0.018948078155517578,23.31853004948018,41.7,48.5
26/05/2022,23:13:38,0.05496478080749512,0.017065763473510742,0.019948244094848633,0.0,0.017950773239135742,18.19346835025744,37.8,48.5
26/05/2022,23:13:38,0.03989386558532715,0.001994609832763672,0.016955137252807617,0.0,0.02094411849975586,25.06651048545662,45.9,48.5
26/05/2022,23:13:38,0.03889608383178711,0.0019948482513427734,0.017951488494873047,0.0,0.01894974708557129,25.70952912186929,27.8,48.5
26/05/2022,23:13:38,0.041887760162353516,0.001996278762817383,0.01795029640197754,0.0,0.021941184997558594,23.873322329102397,58.6,48.6
26/05/2022,23:13:38,0.0388951301574707,0.0020041465759277344,0.017941951751708984,0.0,0.018949031829833984,25.710159496867682,50.0,48.6
26/05/2022,23:13:38,0.036901235580444336,0.001993894577026367,0.013962507247924805,0.000997304916381836,0.019947528839111328,27.09936359231142,38.9,48.6
26/05/2022,23:13:38,0.0379176139831543,0.0019948482513427734,0.016953706741333008,0.000997304916381836,0.01797175407409668,26.372967466894703,59.1,48.6
26/05/2022,23:13:39,0.03789997100830078,0.001994609832763672,0.01595759391784668,0.0,0.01994776725769043,26.385244457864673,55.6,48.6
26/05/2022,23:13:39,0.039893388748168945,0.001994609832763672,0.018949508666992188,0.0,0.018949270248413086,25.066810100104586,53.8,48.6
26/05/2022,23:13:39,0.036919593811035156,0.0029909610748291016,0.014959573745727539,0.0,0.018969058990478516,27.085888461240412,16.2,48.6
26/05/2022,23:13:39,0.037897586822509766,0.0029916763305664062,0.016954898834228516,0.0,0.017951011657714844,26.386904387432843,64.0,48.6
26/05/2022,23:13:39,0.05907917022705078,0.024172306060791016,0.016954898834228516,0.0,0.01795196533203125,16.926439490548677,33.3,48.6
26/05/2022,23:13:39,0.0359039306640625,0.0019948482513427734,0.014960765838623047,0.0,0.01894831657409668,27.852103697407564,56.0,48.6
26/05/2022,23:13:39,0.03690147399902344,0.002007007598876953,0.016943931579589844,0.0,0.01795053482055664,27.099188504677727,16.7,48.6
26/05/2022,23:13:39,0.0369420051574707,0.0020322799682617188,0.015960216522216797,0.0,0.018949508666992188,27.069456455797503,54.2,48.6
26/05/2022,23:13:39,0.03889608383178711,0.001995086669921875,0.01894831657409668,0.000997781753540039,0.016954898834228516,25.70952912186929,44.4,48.6
26/05/2022,23:13:39,0.03490447998046875,0.0019989013671875,0.013957738876342773,0.0,0.018947839736938477,28.649617486338798,54.2,48.6
26/05/2022,23:13:39,0.03947925567626953,0.0019948482513427734,0.018948793411254883,0.0009980201721191406,0.017537593841552734,25.329758195038288,55.6,48.6
26/05/2022,23:13:39,0.03989386558532715,0.001994609832763672,0.017951488494873047,0.0,0.01994776725769043,25.06651048545662,42.9,48.6
26/05/2022,23:13:39,0.03690218925476074,0.0029926300048828125,0.014960289001464844,0.0009961128234863281,0.017953157424926758,27.098663255351177,56.0,48.6
26/05/2022,23:13:39,0.03688645362854004,0.002020120620727539,0.015915870666503906,0.0,0.018950462341308594,27.11022344599355,22.2,48.6
26/05/2022,23:13:39,0.038897037506103516,0.001994609832763672,0.01795196533203125,0.0,0.018950462341308594,25.708898777781865,60.0,48.6
26/05/2022,23:13:39,0.03789877891540527,0.002032041549682617,0.013924598693847656,0.0,0.021942138671875,26.386074396542504,22.2,48.6
26/05/2022,23:13:39,0.03390955924987793,0.001994609832763672,0.012967109680175781,0.0,0.018947839736938477,29.490209313280882,54.2,48.6
26/05/2022,23:13:39,0.058873653411865234,0.0229642391204834,0.017952919006347656,0.0,0.01795649528503418,16.985526496958702,29.2,48.6
26/05/2022,23:13:39,0.03390979766845703,0.001993417739868164,0.013963937759399414,0.0,0.017952442169189453,29.490001968670022,66.7,48.6
26/05/2022,23:13:39,0.036902427673339844,0.001995563507080078,0.01695418357849121,0.0,0.017952680587768555,27.098488176767024,19.4,48.6
26/05/2022,23:13:39,0.03741741180419922,0.002000093460083008,0.01646733283996582,0.0,0.01894998550415039,26.725525678603287,54.2,48.6
26/05/2022,23:13:39,0.03690075874328613,0.0019991397857666016,0.01694965362548828,0.0,0.01795196533203125,27.09971377436633,11.1,48.6
26/05/2022,23:13:39,0.05217790603637695,0.01698780059814453,0.015957117080688477,0.0,0.019232988357543945,19.165199908613204,38.9,48.6
26/05/2022,23:13:39,0.03490734100341797,0.0019948482513427734,0.013962745666503906,0.0,0.01894974708557129,28.64726934950687,54.2,48.6
26/05/2022,23:13:40,0.03690814971923828,0.0019989013671875,0.016958236694335938,0.0,0.017951011657714844,27.09428696932896,16.7,48.6
26/05/2022,23:13:40,0.03741955757141113,0.0020024776458740234,0.016467571258544922,0.0,0.018949508666992188,26.723993144269794,64.0,48.6
26/05/2022,23:13:40,0.0379328727722168,0.0019953250885009766,0.017952442169189453,0.0,0.017985105514526367,26.362358738419378,19.4,48.7
26/05/2022,23:13:40,0.03390789031982422,0.0029981136322021484,0.011960506439208984,0.000997304916381836,0.01795196533203125,29.491660807200113,58.3,48.7
26/05/2022,23:13:40,0.0359036922454834,0.002001047134399414,0.015952587127685547,0.0,0.017950057983398438,27.85228864938808,44.4,48.6
26/05/2022,23:13:40,0.03891611099243164,0.0019958019256591797,0.018947839736938477,0.0,0.017972469329833984,25.69629838383591,57.7,48.6
26/05/2022,23:13:40,0.05471682548522949,0.01784038543701172,0.018924951553344727,0.0,0.017951488494873047,18.2759140562704,32.6,48.7
26/05/2022,23:13:40,0.06084632873535156,0.025936365127563477,0.0159609317779541,0.0009975433349609375,0.017951488494873047,16.434845302655088,11.3,48.7
26/05/2022,23:13:40,0.03989291191101074,0.0019943714141845703,0.016954898834228516,0.0,0.020943641662597656,25.0671097219151,65.4,48.7
26/05/2022,23:13:40,0.03490567207336426,0.0029973983764648438,0.013956308364868164,0.0,0.01795196533203125,28.6486390492128,10.7,48.7
26/05/2022,23:13:40,0.03889632225036621,0.0020003318786621094,0.015952587127685547,0.0,0.020943403244018555,25.70937153294962,53.1,48.7
26/05/2022,23:13:40,0.03498554229736328,0.002070188522338867,0.014963150024414062,0.000997304916381836,0.016954898834228516,28.583235654899823,9.4,48.7
26/05/2022,23:13:40,0.034898996353149414,0.0019872188568115234,0.013962745666503906,0.0,0.018949031829833984,28.65411915806445,50.0,48.7
26/05/2022,23:13:40,0.03789949417114258,0.0020155906677246094,0.01693439483642578,0.0,0.018949508666992188,26.38557642707062,54.5,48.7
26/05/2022,23:13:40,0.03989386558532715,0.0019960403442382812,0.018947601318359375,0.0,0.018950223922729492,25.06651048545662,50.0,48.7
26/05/2022,23:13:40,0.03789925575256348,0.001994609832763672,0.015957355499267578,0.000997304916381836,0.01894998550415039,26.38574241480615,24.3,48.7
26/05/2022,23:13:40,0.03889632225036621,0.0019943714141845703,0.01894998550415039,0.0,0.01795196533203125,25.70937153294962,54.2,48.7
26/05/2022,23:13:40,0.04188728332519531,0.0020105838775634766,0.018933534622192383,0.0,0.020943164825439453,23.87359409862939,11.1,48.7
26/05/2022,23:13:40,0.03889608383178711,0.001994609832763672,0.017952442169189453,0.0,0.018949031829833984,25.70952912186929,51.4,48.7
26/05/2022,23:13:40,0.040892839431762695,0.0019941329956054688,0.017954349517822266,0.0009958744049072266,0.019948482513427734,24.45415906295003,53.3,48.7
26/05/2022,23:13:40,0.06585097312927246,0.02695465087890625,0.020945310592651367,0.0,0.017951011657714844,15.18580443810441,30.8,48.7
26/05/2022,23:13:40,0.03989434242248535,0.0019953250885009766,0.016955852508544922,0.0,0.020943164825439453,25.066210877970942,62.5,48.7
26/05/2022,23:13:40,0.040401458740234375,0.001995563507080078,0.019457578659057617,0.0,0.01894831657409668,24.751581531489,42.4,48.7
26/05/2022,23:13:40,0.039899587631225586,0.0019991397857666016,0.01795482635498047,0.0,0.019945621490478516,25.0629156682661,13.9,48.7
26/05/2022,23:13:41,0.03684854507446289,0.0019807815551757812,0.015958070755004883,0.0,0.018909692764282227,27.13811353960428,58.3,48.7
26/05/2022,23:13:41,0.03690147399902344,0.0020062923431396484,0.015946626663208008,0.0,0.01894855499267578,27.099188504677727,22.2,48.7
26/05/2022,23:13:41,0.03989362716674805,0.002004384994506836,0.017941951751708984,0.0,0.019947290420532227,25.066660291885302,58.3,48.7
26/05/2022,23:13:41,0.03789854049682617,0.002007007598876953,0.016942977905273438,0.000997781753540039,0.017950773239135742,26.386240390543414,40.0,48.7
26/05/2022,23:13:41,0.03891730308532715,0.001995086669921875,0.016956090927124023,0.0,0.01996612548828125,25.695511269305463,48.6,48.7
26/05/2022,23:13:41,0.06283283233642578,0.018949270248413086,0.023934602737426758,0.0,0.019948959350585938,15.915246262426956,55.6,48.9
26/05/2022,23:13:41,0.041887521743774414,0.001994609832763672,0.02094292640686035,0.0,0.01894998550415039,23.87345821309245,46.2,48.9
26/05/2022,23:13:41,0.04587745666503906,0.0019960403442382812,0.02293848991394043,0.0,0.02094292640686035,21.797197854737455,61.8,48.9
26/05/2022,23:13:41,0.046875,0.0029926300048828125,0.023937225341796875,0.0,0.019945144653320312,21.333333333333332,53.8,48.9
26/05/2022,23:13:41,0.048681020736694336,0.002994060516357422,0.02193903923034668,0.0,0.023747920989990234,20.541886445002767,66.7,49.0
26/05/2022,23:13:41,0.05186128616333008,0.0019948482513427734,0.028925418853759766,0.0,0.02094101905822754,19.282205937790202,66.7,49.0
26/05/2022,23:13:41,0.04938054084777832,0.001995086669921875,0.025931596755981445,0.0,0.021453857421875,20.250892007898916,84.2,49.0
26/05/2022,23:13:41,0.05086469650268555,0.002993345260620117,0.022938966751098633,0.001003265380859375,0.023929119110107422,19.66000131244668,53.2,49.0
26/05/2022,23:13:41,0.04239487648010254,0.001993417739868164,0.018949508666992188,0.0,0.021451950073242188,23.587755951343237,60.0,49.0
26/05/2022,23:13:41,0.039893388748168945,0.0019948482513427734,0.018949270248413086,0.0,0.018949270248413086,25.066810100104586,59.3,49.0
26/05/2022,23:13:41,0.038897037506103516,0.002000570297241211,0.016948461532592773,0.0,0.01994800567626953,25.708898777781865,16.7,49.0
26/05/2022,23:13:41,0.04587578773498535,0.002992391586303711,0.021939754486083984,0.0010008811950683594,0.019942760467529297,21.797990822016764,57.9,49.0
26/05/2022,23:13:41,0.04089188575744629,0.0019958019256591797,0.018950939178466797,0.0009968280792236328,0.01894831657409668,24.45472937911412,45.2,49.0
26/05/2022,23:13:41,0.03889584541320801,0.0039882659912109375,0.016955852508544922,0.0,0.01795172691345215,25.7096867127209,44.8,49.0
26/05/2022,23:13:41,0.05780482292175293,0.02490687370300293,0.013948440551757812,0.0009975433349609375,0.01795196533203125,17.299594557250742,10.2,49.0
26/05/2022,23:13:41,0.04101824760437012,0.00910329818725586,0.0139617919921875,0.0,0.017953157424926758,24.379393523712096,8.3,49.0
26/05/2022,23:13:42,0.05000901222229004,0.014101743698120117,0.01696014404296875,0.0,0.018947124481201172,19.996395760728095,16.7,49.0
26/05/2022,23:13:42,0.0430293083190918,0.010117530822753906,0.013962745666503906,0.000997781753540039,0.017951250076293945,23.239973847227915,8.3,49.0
26/05/2022,23:13:42,0.04700613021850586,0.01110386848449707,0.017954349517822266,0.0,0.017947912216186523,21.27382099635825,5.6,49.0
26/05/2022,23:13:42,0.0430598258972168,0.0091552734375,0.015952348709106445,0.0,0.01795220375061035,23.223503095135268,16.2,49.0
26/05/2022,23:13:42,0.04489254951477051,0.011980056762695312,0.014969825744628906,0.0,0.01794266700744629,22.27541119425576,5.6,49.0
26/05/2022,23:13:42,0.04595637321472168,0.013031959533691406,0.01495981216430664,0.0010006427764892578,0.016963958740234375,21.759767580607505,11.1,49.0
26/05/2022,23:13:42,0.04190182685852051,0.01098489761352539,0.013962507247924805,0.0,0.016954421997070312,23.865307910713575,8.3,49.0
26/05/2022,23:13:42,0.04232215881347656,0.012407779693603516,0.01196146011352539,0.0,0.017952919006347656,23.628284285006085,4.2,49.0
26/05/2022,23:13:42,0.04988813400268555,0.016976118087768555,0.015957355499267578,0.0,0.016954660415649414,20.044846735421466,8.3,49.0
26/05/2022,23:13:42,0.04407691955566406,0.011165380477905273,0.013962268829345703,0.0,0.018949270248413086,22.687610887532994,20.6,49.0
26/05/2022,23:13:42,0.04394698143005371,0.01203775405883789,0.012960195541381836,0.0,0.018949031829833984,22.754691390843448,14.8,48.9
26/05/2022,23:13:42,0.048020124435424805,0.015235185623168945,0.014833688735961914,0.0,0.017951250076293945,20.824602429857357,12.2,48.9
26/05/2022,23:13:42,0.043961524963378906,0.01116180419921875,0.014850616455078125,0.0,0.01794910430908203,22.747163589821465,12.9,48.9
26/05/2022,23:13:42,0.04399824142456055,0.013098001480102539,0.012948751449584961,0.0,0.017951488494873047,22.728181118661336,8.3,48.9
26/05/2022,23:13:42,0.04902529716491699,0.015126466751098633,0.015946149826049805,0.0,0.017952680587768555,20.397632606612945,10.4,48.9
26/05/2022,23:13:42,0.04603075981140137,0.012213468551635742,0.015878677368164062,0.0,0.017938613891601562,21.724603376030082,17.6,48.9
26/05/2022,23:13:42,0.051939964294433594,0.012155771255493164,0.019838333129882812,0.0,0.019945859909057617,19.252997447808603,32.4,48.9
26/05/2022,23:13:42,0.038028717041015625,0.006129264831542969,0.012949943542480469,0.0,0.018949508666992188,26.295917343765673,21.9,48.9
26/05/2022,23:13:42,0.04791736602783203,0.013014793395996094,0.01595306396484375,0.0,0.018949508666992188,20.869260622947557,18.4,48.9
26/05/2022,23:13:42,0.04595589637756348,0.010052204132080078,0.015958786010742188,0.0,0.01994490623474121,21.759993359377027,25.7,48.9
26/05/2022,23:13:42,0.0439298152923584,0.011028528213500977,0.014949321746826172,0.0,0.01795196533203125,22.763583077799787,14.6,48.9
26/05/2022,23:13:42,0.04803133010864258,0.012137413024902344,0.01795649528503418,0.0,0.017937421798706055,20.819744065760606,14.3,48.9
26/05/2022,23:13:43,0.039893150329589844,0.007978439331054688,0.01296544075012207,0.0,0.018949270248413086,25.06695991011451,19.2,48.9
26/05/2022,23:13:43,0.04741477966308594,0.0135040283203125,0.01596212387084961,0.0,0.017948627471923828,21.090470252222534,14.6,48.9
26/05/2022,23:13:43,0.043909549713134766,0.009976863861083984,0.014979839324951172,0.0,0.01895284652709961,22.774089156757345,46.9,48.8
26/05/2022,23:13:43,0.043883323669433594,0.00997304916381836,0.01595783233642578,0.0,0.017952442169189453,22.78769966315332,46.4,48.8
26/05/2022,23:13:43,0.04725050926208496,0.011348247528076172,0.01795053482055664,0.0,0.01795172691345215,21.163793059949644,37.5,48.8
26/05/2022,23:13:43,0.04095768928527832,0.0091400146484375,0.012869119644165039,0.0,0.01894855499267578,24.415439871004548,40.6,48.8
26/05/2022,23:13:43,0.04777026176452637,0.013861417770385742,0.014959573745727539,0.0,0.018949270248413086,20.933525650943537,38.9,48.8
26/05/2022,23:13:43,0.04096698760986328,0.009144306182861328,0.013870954513549805,0.0,0.01795172691345215,24.409898270363385,38.9,48.8
26/05/2022,23:13:43,0.04711604118347168,0.012209415435791016,0.01595759391784668,0.0,0.018949031829833984,21.224194029926274,36.1,48.8
26/05/2022,23:13:43,0.04608607292175293,0.012176513671875,0.014959096908569336,0.0,0.018950462341308594,21.69852922156866,38.9,48.8
26/05/2022,23:13:43,0.04687333106994629,0.008975744247436523,0.018958091735839844,0.0009877681732177734,0.01795172691345215,21.334092908988257,67.6,48.7
26/05/2022,23:13:43,0.040889739990234375,0.00498652458190918,0.016954898834228516,0.0,0.01894831657409668,24.45601268775072,38.9,48.7
26/05/2022,23:13:43,0.04288506507873535,0.009973287582397461,0.01495981216430664,0.0,0.01795196533203125,23.31814113291044,38.9,48.7
26/05/2022,23:13:43,0.04332447052001953,0.01140904426574707,0.013961553573608398,0.0,0.017953872680664062,23.081643883862732,8.3,48.7
26/05/2022,23:13:43,0.04899191856384277,0.014084815979003906,0.016956329345703125,0.0,0.017950773239135742,20.411529683142973,36.1,48.7
26/05/2022,23:13:43,0.04104757308959961,0.008238792419433594,0.013858795166015625,0.000997304916381836,0.017952680587768555,24.361976232240977,5.6,48.7
26/05/2022,23:13:43,0.0480499267578125,0.012268543243408203,0.016827821731567383,0.0009980201721191406,0.017955541610717773,20.81168624960305,18.4,48.7
26/05/2022,23:13:43,0.043891191482543945,0.009035348892211914,0.014908790588378906,0.0009975433349609375,0.018949508666992188,22.78361480338742,8.3,48.7
26/05/2022,23:13:43,0.04822397232055664,0.011323928833007812,0.01894831657409668,0.0,0.01795172691345215,20.736574609672413,39.5,48.7
26/05/2022,23:13:43,0.04382920265197754,0.008913993835449219,0.015964508056640625,0.0,0.018950700759887695,22.815838288011403,16.7,48.7
26/05/2022,23:13:43,0.07495331764221191,0.041043996810913086,0.014960527420043945,0.0,0.018948793411254883,13.341637587991489,13.1,48.7
26/05/2022,23:13:44,0.04502725601196289,0.012105226516723633,0.01496124267578125,0.0,0.017960786819458008,22.208770610723402,8.3,48.7
26/05/2022,23:13:44,0.04309344291687012,0.011178970336914062,0.013962745666503906,0.0,0.01795172691345215,23.205386534769595,5.6,48.7
26/05/2022,23:13:44,0.04607892036437988,0.013303995132446289,0.01482248306274414,0.0,0.017952442169189453,21.70189735549933,5.6,48.7
26/05/2022,23:13:44,0.04339313507080078,0.012476444244384766,0.012964487075805664,0.0,0.01795220375061035,23.045119887475,6.5,48.7
26/05/2022,23:13:44,0.04945969581604004,0.015587329864501953,0.014923572540283203,0.0,0.018948793411254883,20.21848261500417,7.3,48.7
26/05/2022,23:13:44,0.04392123222351074,0.012005090713500977,0.01397848129272461,0.0,0.017937660217285156,22.76803152769258,11.1,48.6
26/05/2022,23:13:44,0.042078495025634766,0.012254953384399414,0.012868881225585938,0.0,0.016954660415649414,23.765108504731145,8.3,48.6
26/05/2022,23:13:44,0.0479884147644043,0.016077756881713867,0.012960672378540039,0.0,0.01894998550415039,20.838362861316188,13.9,48.4
26/05/2022,23:13:44,0.04405856132507324,0.013118505477905273,0.012962102890014648,0.0,0.01797795295715332,22.697064314510673,6.1,48.4
26/05/2022,23:13:44,0.04880380630493164,0.01589488983154297,0.014955997467041016,0.0,0.017952919006347656,20.490205082609503,5.1,48.4
26/05/2022,23:13:44,0.04688429832458496,0.013010740280151367,0.015922069549560547,0.0,0.017951488494873047,21.3291024017656,38.9,48.4
26/05/2022,23:13:44,0.04326629638671875,0.011397838592529297,0.01392674446105957,0.0,0.017941713333129883,23.112678539940045,29.7,48.4
26/05/2022,23:13:44,0.04900097846984863,0.014070272445678711,0.016950368881225586,0.0,0.017980337142944336,20.407755747475978,36.1,48.4
26/05/2022,23:13:44,0.042987823486328125,0.009092330932617188,0.013949394226074219,0.0,0.01994609832763672,23.262401277841867,38.9,48.4
26/05/2022,23:13:44,0.04496145248413086,0.012179136276245117,0.014810800552368164,0.0,0.017971515655517578,22.241274352801433,37.8,48.4
26/05/2022,23:13:44,0.04699277877807617,0.012288570404052734,0.015755653381347656,0.0,0.01894855499267578,21.27986524743534,37.8,48.4
26/05/2022,23:13:44,0.03991961479187012,0.010000467300415039,0.012964010238647461,0.0,0.016955137252807617,25.050341923731597,6.1,48.4
26/05/2022,23:13:44,0.04924726486206055,0.01433110237121582,0.015956640243530273,0.0,0.018959522247314453,20.305696220916158,33.3,48.4
26/05/2022,23:13:44,0.045984506607055664,0.010221242904663086,0.016819238662719727,0.0,0.01894402503967285,21.746454921113894,38.9,48.4
26/05/2022,23:13:44,0.04300546646118164,0.010131120681762695,0.014922380447387695,0.0,0.01795196533203125,23.252857887325504,36.1,48.4
26/05/2022,23:13:44,0.04897785186767578,0.014071941375732422,0.014958858489990234,0.0,0.019947052001953125,20.417391981618863,36.1,48.4
26/05/2022,23:13:45,0.04506874084472656,0.01115107536315918,0.015959978103637695,0.0,0.017957687377929688,22.188327902154132,44.4,48.4
26/05/2022,23:13:45,0.04593086242675781,0.011188745498657227,0.014795780181884766,0.0,0.01994633674621582,21.77185332835015,43.2,48.4
26/05/2022,23:13:45,0.04297137260437012,0.012053966522216797,0.012982606887817383,0.0,0.017934799194335938,23.27130690487419,46.2,48.4
26/05/2022,23:13:45,0.04702019691467285,0.015143632888793945,0.013924598693847656,0.0,0.01795196533203125,21.26745665941577,38.9,48.4
26/05/2022,23:13:45,0.04697751998901367,0.014071226119995117,0.014954566955566406,0.0,0.01795172691345215,21.28677716988601,36.1,48.4
26/05/2022,23:13:45,0.045038700103759766,0.012129545211791992,0.014956474304199219,0.0,0.017952680587768555,22.203127481392862,36.1,48.4
26/05/2022,23:13:45,0.04587221145629883,0.011962413787841797,0.01695418357849121,0.0,0.01695561408996582,21.799690231910272,38.9,48.5
26/05/2022,23:13:45,0.04497551918029785,0.01119685173034668,0.015826702117919922,0.0,0.01795196533203125,22.234318096278116,33.3,48.5
26/05/2022,23:13:45,0.04418516159057617,0.011272668838500977,0.013962984085083008,0.0,0.018949508666992188,22.632032202713056,36.1,48.5
26/05/2022,23:13:45,0.04313492774963379,0.012232542037963867,0.01394796371459961,0.0,0.016954421997070312,23.183068853256394,36.1,48.5
26/05/2022,23:13:45,0.04886937141418457,0.013962745666503906,0.016965389251708984,0.0,0.01794123649597168,20.462714601435312,44.4,48.5
26/05/2022,23:13:45,0.043103933334350586,0.01019144058227539,0.014959573745727539,0.0,0.017952919006347656,23.19973892505711,37.8,48.5
26/05/2022,23:13:45,0.04490494728088379,0.01206517219543457,0.01488494873046875,0.0,0.01795482635498047,22.269261196209083,36.1,48.5
26/05/2022,23:13:45,0.04307913780212402,0.011164426803588867,0.013963460922241211,0.0009968280792236328,0.016954421997070312,23.21309225345487,5.6,48.5
26/05/2022,23:13:45,0.04593324661254883,0.012137651443481445,0.015822649002075195,0.0,0.017972946166992188,21.77072325052684,38.9,48.5
26/05/2022,23:13:45,0.04301905632019043,0.01210331916809082,0.01296377182006836,0.00099945068359375,0.0169525146484375,23.24551223432261,8.6,48.5
26/05/2022,23:13:45,0.04706525802612305,0.01517343521118164,0.013939857482910156,0.000997781753540039,0.01695418357849121,21.247094819812975,10.5,48.5
26/05/2022,23:13:45,0.04491782188415527,0.013003349304199219,0.01396322250366211,0.0009980201721191406,0.016953229904174805,22.262878253069285,8.3,48.5
26/05/2022,23:13:45,0.0499420166015625,0.013200521469116211,0.018790721893310547,0.0,0.017950773239135742,20.02322028719829,36.1,48.5
26/05/2022,23:13:45,0.041069984436035156,0.008194923400878906,0.014923810958862305,0.0,0.017951250076293945,24.348682224544294,10.8,48.5
26/05/2022,23:13:45,0.06100273132324219,0.0282289981842041,0.014822006225585938,0.0,0.01795172691345215,16.392708626457807,4.2,48.5
26/05/2022,23:13:46,0.04708099365234375,0.012232303619384766,0.016896963119506836,0.0,0.01795172691345215,21.239993518068385,5.6,48.5
26/05/2022,23:13:46,0.042069196701049805,0.010299921035766602,0.01381826400756836,0.0,0.017951011657714844,23.770361176757287,8.3,48.5
26/05/2022,23:13:46,0.04584527015686035,0.013007402420043945,0.015883922576904297,0.0,0.01695394515991211,21.81250097509478,8.3,48.5
26/05/2022,23:13:46,0.04292488098144531,0.012026309967041016,0.012946844100952148,0.0,0.01795172691345215,23.2965118862475,8.3,48.5
26/05/2022,23:13:46,0.044146060943603516,0.014226913452148438,0.011967182159423828,0.0,0.01795196533203125,22.65207764012054,8.7,48.5
26/05/2022,23:13:46,0.04902839660644531,0.01611161231994629,0.014959573745727539,0.0,0.017957210540771484,20.396343123905854,8.2,48.5
26/05/2022,23:13:46,0.04439854621887207,0.014475107192993164,0.011970758438110352,0.0,0.017952680587768555,22.523259997529816,7.1,48.5
26/05/2022,23:13:46,0.04951643943786621,0.015608072280883789,0.015955448150634766,0.0,0.017952919006347656,20.195313139483936,6.8,48.5
26/05/2022,23:13:46,0.043073177337646484,0.011161088943481445,0.013959407806396484,0.0,0.017952680587768555,23.216304480189525,5.6,48.5
26/05/2022,23:13:46,0.045273542404174805,0.014088153839111328,0.01287841796875,0.0,0.018306970596313477,22.08795572196681,13.5,48.5
26/05/2022,23:13:46,0.06582331657409668,0.013965845108032227,0.02992701530456543,0.0,0.021930456161499023,15.192184958871064,58.3,48.5
26/05/2022,23:13:46,0.04489541053771973,0.008975028991699219,0.017953157424926758,0.0,0.01796722412109375,22.273991662462496,47.2,48.6
26/05/2022,23:13:46,0.04388236999511719,0.007977724075317383,0.01695418357849121,0.0,0.018950462341308594,22.788194897205198,22.2,48.6
26/05/2022,23:13:46,0.045876502990722656,0.008975982666015625,0.017952680587768555,0.0009965896606445312,0.017951250076293945,21.79765097183245,33.3,48.7
26/05/2022,23:13:46,0.06084251403808594,0.023936986923217773,0.018948078155517578,0.0,0.017957448959350586,16.435875732781593,18.8,48.7
26/05/2022,23:13:46,0.038396596908569336,0.0065305233001708984,0.012935638427734375,0.000978231430053711,0.01795220375061035,26.043974740293205,13.8,48.7
26/05/2022,23:13:46,0.04304146766662598,0.012164115905761719,0.011929035186767578,0.0009965896606445312,0.01795172691345215,23.233408482847633,6.5,48.7
26/05/2022,23:13:46,0.0469670295715332,0.014085531234741211,0.01492929458618164,0.0,0.01795220375061035,21.291531721778327,21.4,48.7
26/05/2022,23:13:46,0.04589033126831055,0.013963460922241211,0.013962745666503906,0.0,0.01796412467956543,21.791082617234178,16.7,48.7
26/05/2022,23:13:46,0.05422782897949219,0.014333963394165039,0.02194070816040039,0.0,0.017953157424926758,18.440716119728464,40.0,48.7
26/05/2022,23:13:46,0.03488445281982422,0.00506591796875,0.011867046356201172,0.0,0.017951488494873047,28.666065228683124,4.0,48.7
26/05/2022,23:13:47,0.04804801940917969,0.015137195587158203,0.012964487075805664,0.0,0.01994633674621582,20.812512405224087,12.5,48.7
26/05/2022,23:13:47,0.04597187042236328,0.012064695358276367,0.014957427978515625,0.0,0.01894974708557129,21.752432320298723,8.3,48.7
26/05/2022,23:13:47,0.04196810722351074,0.012178182601928711,0.012834548950195312,0.0,0.01695537567138672,23.827617354155898,14.8,48.7
26/05/2022,23:13:47,0.048038482666015625,0.014227867126464844,0.014862298965454102,0.0009970664978027344,0.017951250076293945,20.816644167394585,15.2,48.7
26/05/2022,23:13:47,0.04304051399230957,0.010128974914550781,0.014959335327148438,0.0,0.01795220375061035,23.233923279324195,13.3,48.7
26/05/2022,23:13:47,0.0449213981628418,0.012163162231445312,0.013808012008666992,0.0,0.018950223922729492,22.261105862621672,7.9,48.7
26/05/2022,23:13:47,0.044896841049194336,0.012983560562133789,0.013961315155029297,0.0,0.01795196533203125,22.27328196440994,28.1,48.7
26/05/2022,23:13:47,0.04317331314086914,0.01225733757019043,0.012964248657226562,0.0,0.01795172691345215,23.16245678753272,9.1,48.7
26/05/2022,23:13:47,0.04898977279663086,0.015256643295288086,0.015779733657836914,0.000997304916381836,0.016956090927124023,20.412423714460914,14.3,48.7
26/05/2022,23:13:47,0.04301857948303223,0.012183904647827148,0.012883663177490234,0.0,0.017951011657714844,23.245769897967666,21.4,48.7
26/05/2022,23:13:47,0.05186128616333008,0.014959573745727539,0.015970230102539062,0.0,0.020931482315063477,19.282205937790202,22.0,48.7
26/05/2022,23:13:47,0.04587602615356445,0.00897526741027832,0.017952919006347656,0.0,0.018947839736938477,21.79787753744452,33.3,48.8
26/05/2022,23:13:47,0.047872304916381836,0.007977962493896484,0.020944833755493164,0.0,0.018949508666992188,20.888904383164583,48.6,48.8
26/05/2022,23:13:47,0.03989243507385254,0.003988027572631836,0.01795363426208496,0.0,0.017950773239135742,25.06740935088841,31.4,48.9
26/05/2022,23:13:47,0.04388141632080078,0.00797724723815918,0.01795196533203125,0.0,0.01795220375061035,22.78869015278291,17.6,49.0
26/05/2022,23:13:47,0.04264664649963379,0.008744239807128906,0.01598191261291504,0.0,0.017920494079589844,23.448502568861706,51.9,48.9
26/05/2022,23:13:47,0.0459897518157959,0.013078451156616211,0.01396322250366211,0.0,0.018948078155517578,21.743974701262346,19.0,48.9
26/05/2022,23:13:47,0.04500436782836914,0.013080120086669922,0.013962745666503906,0.0,0.017961502075195312,22.220065479280787,17.5,48.9
26/05/2022,23:13:47,0.047091007232666016,0.012184381484985352,0.016953706741333008,0.0,0.017952919006347656,21.235476978847068,22.9,49.0
26/05/2022,23:13:47,0.04487872123718262,0.009972333908081055,0.016954660415649414,0.0,0.01795172691345215,22.2822748160544,47.4,49.0
26/05/2022,23:13:47,0.04390525817871094,0.008998632431030273,0.015957117080688477,0.0009984970092773438,0.017951011657714844,22.776315217863505,46.9,49.0
26/05/2022,23:13:48,0.04315447807312012,0.010242223739624023,0.014959335327148438,0.0,0.017952919006347656,23.17256620056021,45.2,49.0
26/05/2022,23:13:48,0.049321651458740234,0.012408256530761719,0.01795196533203125,0.0,0.018961429595947266,20.27507130081694,33.3,49.0
26/05/2022,23:13:48,0.039725303649902344,0.008818626403808594,0.012955665588378906,0.0,0.017951011657714844,25.172872404273196,54.2,49.0
26/05/2022,23:13:48,0.0465245246887207,0.015061378479003906,0.013983011245727539,0.0,0.017480134963989258,21.494040115200526,37.8,49.0
26/05/2022,23:13:48,0.04644298553466797,0.012534141540527344,0.015958070755004883,0.0,0.017950773239135742,21.53177683319986,38.9,49.0
26/05/2022,23:13:48,0.03842878341674805,0.009506702423095703,0.01196742057800293,0.0,0.016954660415649414,26.02216128351801,42.9,49.0
26/05/2022,23:13:48,0.04715466499328613,0.01527547836303711,0.013903141021728516,0.0,0.017976045608520508,21.20680955197921,35.1,49.0
26/05/2022,23:13:48,0.04708123207092285,0.013234615325927734,0.0168912410736084,0.0,0.01695537567138672,21.23988595909314,38.9,49.0
26/05/2022,23:13:48,0.04098653793334961,0.010142803192138672,0.013880491256713867,0.0,0.01696324348449707,24.398254900820195,38.9,49.0
26/05/2022,23:13:48,0.0470123291015625,0.014101028442382812,0.01595592498779297,0.0,0.01695537567138672,21.271015903927296,40.5,49.0
26/05/2022,23:13:48,0.05295991897583008,0.013072729110717773,0.01994013786315918,0.0,0.019947052001953125,18.882204114707605,49.0,49.0
26/05/2022,23:13:48,0.039026737213134766,0.007112741470336914,0.013962030410766602,0.0,0.01795196533203125,25.623458977335208,58.3,49.0
26/05/2022,23:13:48,0.04764962196350098,0.014738798141479492,0.014959335327148438,0.0,0.017951488494873047,20.98652536563643,37.1,49.0
26/05/2022,23:13:48,0.04532814025878906,0.013413429260253906,0.012965679168701172,0.0009965896606445312,0.017952442169189453,22.061350725857352,43.2,49.0
26/05/2022,23:13:48,0.061963796615600586,0.03007674217224121,0.014932394027709961,0.0,0.016954660415649414,16.138455914888706,25.5,49.0
26/05/2022,23:13:48,0.045940399169921875,0.01402592658996582,0.013961553573608398,0.0,0.017952919006347656,21.76733372083368,8.9,49.0
26/05/2022,23:13:48,0.045143842697143555,0.014227867126464844,0.01296377182006836,0.0,0.01795220375061035,22.15141512672501,8.3,49.0
26/05/2022,23:13:48,0.04899430274963379,0.014101982116699219,0.016940593719482422,0.0,0.01795172691345215,20.41053640685752,29.0,49.0
26/05/2022,23:13:48,0.045996665954589844,0.011091470718383789,0.01595616340637207,0.0009975433349609375,0.017951488494873047,21.740706184818894,17.1,49.0
26/05/2022,23:13:48,0.042859554290771484,0.00994729995727539,0.013962745666503906,0.0009965896606445312,0.017952919006347656,23.332020515559115,16.1,49.0
26/05/2022,23:13:48,0.04572439193725586,0.010907173156738281,0.01686549186706543,0.0,0.01795172691345215,21.87016508327163,12.2,49.0
26/05/2022,23:13:49,0.04042983055114746,0.009515762329101562,0.012964248657226562,0.0,0.017949819564819336,24.73421200058971,31.8,49.0
26/05/2022,23:13:49,0.048807382583618164,0.015209674835205078,0.01495981216430664,0.0,0.018637895584106445,20.48870369737144,26.1,49.0
26/05/2022,23:13:49,0.04419970512390137,0.011288642883300781,0.014959096908569336,0.0,0.01795196533203125,22.624585326910733,50.0,49.0
26/05/2022,23:13:49,0.04300093650817871,0.011089801788330078,0.01296234130859375,0.0009963512420654297,0.017952442169189453,23.255307470101297,48.6,49.0
26/05/2022,23:13:49,0.04506826400756836,0.012161731719970703,0.014953851699829102,0.0010082721710205078,0.016944408416748047,22.18856266201132,58.3,49.0
26/05/2022,23:13:49,0.04188847541809082,0.011967658996582031,0.01296544075012207,0.0,0.01695537567138672,23.872914686413232,35.1,49.0
26/05/2022,23:13:49,0.04595232009887695,0.01204538345336914,0.015956401824951172,0.0,0.01795053482055664,21.761686849505548,37.1,49.0
26/05/2022,23:13:49,0.061115264892578125,0.029203176498413086,0.01396036148071289,0.0,0.01795172691345215,16.362524187004556,30.0,48.9
26/05/2022,23:13:49,0.049092769622802734,0.013190031051635742,0.017951011657714844,0.0,0.01795172691345215,20.369598368219126,35.9,48.9
26/05/2022,23:13:49,0.040915489196777344,0.010124921798706055,0.012838602066040039,0.0,0.01795196533203125,24.44062186793464,42.4,49.0
26/05/2022,23:13:49,0.04687380790710449,0.014959096908569336,0.013962030410766602,0.0,0.017952680587768555,21.333875881853277,47.2,48.9
26/05/2022,23:13:49,0.046614885330200195,0.013215780258178711,0.015958309173583984,0.0,0.0174407958984375,21.452374985295396,44.4,48.9
26/05/2022,23:13:49,0.04449343681335449,0.011586189270019531,0.013959169387817383,0.0,0.018948078155517578,22.475224923507252,43.2,48.9
26/05/2022,23:13:49,0.059317588806152344,0.012964487075805664,0.025929927825927734,0.0009980201721191406,0.019425153732299805,16.858406083699094,58.3,49.0
26/05/2022,23:13:49,0.04687380790710449,0.012964487075805664,0.015956401824951172,0.0,0.017952919006347656,21.333875881853277,63.9,49.0
26/05/2022,23:13:49,0.05193209648132324,0.012167692184448242,0.014830589294433594,0.0009975433349609375,0.02393627166748047,19.255914314178284,38.8,49.0
26/05/2022,23:13:49,0.0498654842376709,0.00498509407043457,0.024933576583862305,0.0,0.019946813583374023,20.053951451343767,64.9,48.9
26/05/2022,23:13:49,0.05286002159118652,0.013969182968139648,0.01994180679321289,0.0,0.018949031829833984,18.91788860273058,52.1,48.9
26/05/2022,23:13:49,0.039891958236694336,0.00598454475402832,0.014959096908569336,0.0,0.01894831657409668,25.067708987024783,54.2,48.9
26/05/2022,23:13:49,0.0454707145690918,0.011559247970581055,0.015959501266479492,0.0,0.01795196533203125,21.992176931385607,58.3,48.9
26/05/2022,23:13:49,0.04699516296386719,0.012097358703613281,0.016945600509643555,0.0,0.01795220375061035,21.278785665002637,41.7,48.9
26/05/2022,23:13:50,0.04493141174316406,0.011125564575195312,0.01485586166381836,0.0,0.01894998550415039,22.25614467037399,45.9,48.9
26/05/2022,23:13:50,0.04490828514099121,0.012023687362670898,0.014945030212402344,0.0,0.01793956756591797,22.26760600767683,44.4,48.9
26/05/2022,23:13:50,0.04492926597595215,0.012017250061035156,0.014960050582885742,0.0,0.01795196533203125,22.257207596830938,38.9,48.9
26/05/2022,23:13:50,0.04396963119506836,0.012054920196533203,0.013963699340820312,0.0,0.017951011657714844,22.742969927665897,38.9,48.9
26/05/2022,23:13:50,0.04221796989440918,0.011300802230834961,0.012966156005859375,0.001016378402709961,0.016934633255004883,23.686596075109417,43.2,48.9
26/05/2022,23:13:50,0.06192636489868164,0.030022144317626953,0.013952255249023438,0.0,0.01795196533203125,16.14821088943474,29.2,48.9
26/05/2022,23:13:50,0.05205059051513672,0.014177799224853516,0.019921541213989258,0.0,0.017951250076293945,19.2120779054215,31.2,48.9
26/05/2022,23:13:50,0.0448911190032959,0.0050029754638671875,0.019941329956054688,0.0009987354278564453,0.018948078155517578,22.27612102800512,40.0,48.9
26/05/2022,23:13:50,0.041066646575927734,0.005168914794921875,0.01694464683532715,0.0,0.01895308494567871,24.350661263541678,59.3,48.9
26/05/2022,23:13:50,0.05285811424255371,0.008975744247436523,0.022939205169677734,0.0,0.020943164825439453,18.918571241706246,55.1,48.9
26/05/2022,23:13:50,0.05304121971130371,0.015146970748901367,0.01794719696044922,0.0,0.019947052001953125,18.85326177344463,35.1,48.9
26/05/2022,23:13:50,0.05185723304748535,0.006976127624511719,0.024933576583862305,0.0009984970092773438,0.018949031829833984,19.28371301809154,41.7,49.0
26/05/2022,23:13:50,0.057845354080200195,0.015956640243530273,0.022939443588256836,0.0,0.018949270248413086,17.287473054681993,46.9,49.1
26/05/2022,23:13:50,0.047869205474853516,0.003986358642578125,0.021942853927612305,0.0,0.021939992904663086,20.890256900656446,68.4,49.1
26/05/2022,23:13:50,0.05485248565673828,0.014958620071411133,0.020944833755493164,0.0,0.018949031829833984,18.230714397482483,54.2,49.2
26/05/2022,23:13:50,0.06183910369873047,0.01994609832763672,0.02094435691833496,0.0,0.02094864845275879,16.170997640454637,62.0,49.2
26/05/2022,23:13:50,0.046874046325683594,0.0019943714141845703,0.0249330997467041,0.0,0.019946575164794922,21.333767369941608,47.2,49.3
26/05/2022,23:13:50,0.05086374282836914,0.013962984085083008,0.018948793411254883,0.0,0.01795196533203125,19.660369929407793,47.2,49.3
26/05/2022,23:13:50,0.04515719413757324,0.008255958557128906,0.01795220375061035,0.0,0.018949031829833984,22.14486570962445,52.8,49.3
26/05/2022,23:13:51,0.04089045524597168,0.00698089599609375,0.014960765838623047,0.0,0.018948793411254883,24.4555849032401,11.1,49.3
26/05/2022,23:13:51,0.04309964179992676,0.011194944381713867,0.01395273208618164,0.0,0.01795196533203125,23.202048978553215,11.1,49.3
26/05/2022,23:13:51,0.04698443412780762,0.013075113296508789,0.014960527420043945,0.0009968280792236328,0.01795196533203125,21.283644648774274,8.3,49.3
26/05/2022,23:13:51,0.047872066497802734,0.011968612670898438,0.01695394515991211,0.0,0.018949508666992188,20.88900841675382,44.4,49.3
26/05/2022,23:13:51,0.04886770248413086,0.009972333908081055,0.018950939178466797,0.0,0.019944429397583008,20.463413444180986,50.0,49.3
26/05/2022,23:13:51,0.0438845157623291,0.006982326507568359,0.01795196533203125,0.0009965896606445312,0.01795363426208496,22.787080650857035,52.8,49.3
26/05/2022,23:13:51,0.0468745231628418,0.009973287582397461,0.016954898834228516,0.000997304916381836,0.018949031829833984,21.333550349429824,47.2,49.3
26/05/2022,23:13:51,0.0468752384185791,0.008976459503173828,0.01994800567626953,0.0,0.017950773239135742,21.333224826940782,51.4,49.3
26/05/2022,23:13:51,0.05569648742675781,0.02079463005065918,0.016949892044067383,0.0,0.01795196533203125,17.95445361460224,31.2,49.3
26/05/2022,23:13:51,0.051929473876953125,0.00904393196105957,0.020944833755493164,0.0,0.02194070816040039,19.256886799382944,51.4,49.3
26/05/2022,23:13:51,0.04986739158630371,0.01595783233642578,0.014959573745727539,0.0,0.01894998550415039,20.053184419508604,27.1,49.3
26/05/2022,23:13:51,0.04526805877685547,0.01136326789855957,0.014955520629882812,0.0009975433349609375,0.01795172691345215,22.09063138601555,10.8,49.3
26/05/2022,23:13:51,0.04696035385131836,0.013051271438598633,0.014960050582885742,0.000997304916381836,0.01795172691345215,21.29455845171248,5.6,49.2
26/05/2022,23:13:51,0.042714834213256836,0.011299371719360352,0.013958454132080078,0.0,0.017457008361816406,23.41107061325415,8.3,49.3
26/05/2022,23:13:51,0.05035042762756348,0.012451410293579102,0.019947052001953125,0.0,0.01795196533203125,19.86080450789592,33.3,49.2
26/05/2022,23:13:51,0.03793907165527344,0.007191658020019531,0.012796640396118164,0.0,0.017950773239135742,26.358051380021116,8.3,49.2
26/05/2022,23:13:51,0.04506397247314453,0.013149023056030273,0.013963460922241211,0.0,0.017951488494873047,22.19067572429264,11.1,49.2
26/05/2022,23:13:51,0.044157981872558594,0.011243104934692383,0.013965606689453125,0.0,0.018949270248413086,22.645962464635122,5.6,49.2
26/05/2022,23:13:51,0.045871734619140625,0.012945175170898438,0.013962984085083008,0.0,0.01896357536315918,21.79991683991684,5.6,49.2
26/05/2022,23:13:51,0.04398918151855469,0.011076688766479492,0.01496124267578125,0.0,0.017951250076293945,22.73286216016997,11.1,49.2
26/05/2022,23:13:52,0.07613706588745117,0.04322552680969238,0.014959573745727539,0.0,0.01795196533203125,13.134207213582929,3.3,49.2
26/05/2022,23:13:52,0.04489898681640625,0.011978626251220703,0.014968395233154297,0.0,0.01795196533203125,22.272217502124043,5.6,49.2
26/05/2022,23:13:52,0.04406023025512695,0.012149572372436523,0.01395869255065918,0.0,0.01795196533203125,22.69620458653045,12.5,49.2
26/05/2022,23:13:52,0.048201560974121094,0.013699054718017578,0.016953468322753906,0.0,0.01754903793334961,20.74621609322755,7.3,49.2
26/05/2022,23:13:52,0.041739702224731445,0.01197671890258789,0.012809514999389648,0.0,0.016953468322753906,23.95800512940612,7.4,49.2
26/05/2022,23:13:52,0.04894661903381348,0.016081809997558594,0.014914751052856445,0.0,0.017950057983398438,20.430420317880923,6.7,49.2
26/05/2022,23:13:52,0.04405927658081055,0.012146472930908203,0.01495814323425293,0.0,0.016954660415649414,22.696695851686705,5.6,49.2
26/05/2022,23:13:52,0.046875,0.013962745666503906,0.014961004257202148,0.0,0.017951250076293945,21.333333333333332,5.6,49.2
26/05/2022,23:13:52,0.04496145248413086,0.014044046401977539,0.01296687126159668,0.0,0.01795053482055664,22.241274352801433,11.8,49.2
26/05/2022,23:13:52,0.047350406646728516,0.014438390731811523,0.014960050582885742,0.0,0.01795196533203125,21.119142808229526,12.5,49.2
26/05/2022,23:13:52,0.04388594627380371,0.012969493865966797,0.012965202331542969,0.0,0.017951250076293945,22.786337880491768,13.9,49.2
26/05/2022,23:13:52,0.04694652557373047,0.014045000076293945,0.014948606491088867,0.0,0.017952919006347656,21.300830844861558,8.3,49.2
26/05/2022,23:13:52,0.0460047721862793,0.013191938400268555,0.013864755630493164,0.0,0.018948078155517578,21.736875382207526,5.6,49.2
26/05/2022,23:13:52,0.04600262641906738,0.014242172241210938,0.013808250427246094,0.0,0.01795220375061035,21.737889286806357,8.3,49.2
26/05/2022,23:13:52,0.045928239822387695,0.01322627067565918,0.014749526977539062,0.0,0.017952442169189453,21.77309654946869,36.1,49.2
26/05/2022,23:13:52,0.044092655181884766,0.013293981552124023,0.01382589340209961,0.0,0.016972780227661133,22.67951421557495,8.8,49.2
26/05/2022,23:13:52,0.0480043888092041,0.014245033264160156,0.01481008529663086,0.000997304916381836,0.01795196533203125,20.831428642379993,34.2,49.2
26/05/2022,23:13:52,0.04309725761413574,0.01121664047241211,0.014927148818969727,0.0,0.016953468322753906,23.2033325403982,11.1,49.2
26/05/2022,23:13:52,0.05385613441467285,0.012965202331542969,0.022939443588256836,0.0,0.017951488494873047,18.567986931634564,41.7,49.2
26/05/2022,23:13:52,0.03789997100830078,0.005990743637084961,0.012959480285644531,0.0009965896606445312,0.017953157424926758,26.385244457864673,13.9,49.2
26/05/2022,23:13:52,0.045897483825683594,0.012989997863769531,0.014955520629882812,0.0,0.01795196533203125,21.787686745485903,47.2,49.2
26/05/2022,23:13:53,0.0452723503112793,0.011338949203491211,0.014983654022216797,0.000997304916381836,0.017952442169189453,22.088537332926073,16.7,49.2
26/05/2022,23:13:53,0.04886960983276367,0.011967658996582031,0.017953157424926758,0.0,0.018948793411254883,20.46261477065384,41.7,49.1
26/05/2022,23:13:53,0.042885541915893555,0.008975744247436523,0.014961481094360352,0.0,0.01894831657409668,23.317881862404448,8.3,49.1
26/05/2022,23:13:53,0.04221296310424805,0.010298490524291992,0.013962268829345703,0.0,0.01795220375061035,23.689405492109753,22.2,49.1
26/05/2022,23:13:53,0.04886984825134277,0.01296544075012207,0.017952442169189453,0.0,0.01795196533203125,20.462514940846443,41.7,49.1
26/05/2022,23:13:53,0.0431821346282959,0.010321378707885742,0.013918399810791016,0.0009899139404296875,0.017952442169189453,23.157725031609054,16.7,49.1
26/05/2022,23:13:53,0.044005632400512695,0.011105537414550781,0.014948129653930664,0.0,0.01795196533203125,22.724363801856175,11.1,49.1
26/05/2022,23:13:53,0.061713457107543945,0.02880716323852539,0.014953374862670898,0.0,0.017952919006347656,16.203921265622284,10.4,49.1
26/05/2022,23:13:53,0.04625558853149414,0.012347221374511719,0.015956401824951172,0.0,0.01795196533203125,21.61900932941601,5.6,49.1
26/05/2022,23:13:53,0.04288506507873535,0.01098942756652832,0.013942718505859375,0.0,0.017952919006347656,23.31814113291044,8.3,49.1
26/05/2022,23:13:53,0.057880401611328125,0.012003183364868164,0.020944833755493164,0.0,0.024932384490966797,17.277005206617016,50.0,49.1
26/05/2022,23:13:53,0.050131797790527344,0.01422882080078125,0.016954898834228516,0.000997304916381836,0.017950773239135742,19.947419483706508,13.9,49.1
26/05/2022,23:13:53,0.04787182807922363,0.009972572326660156,0.019947290420532227,0.0,0.01795196533203125,20.889112451379308,44.4,49.1
26/05/2022,23:13:53,0.042914628982543945,0.0060122013092041016,0.01897144317626953,0.0,0.017930984497070312,23.30207725684317,11.1,49.1
26/05/2022,23:13:53,0.04089045524597168,0.009006977081298828,0.013931512832641602,0.0,0.01795196533203125,24.4555849032401,19.4,49.1
26/05/2022,23:13:53,0.04707932472229004,0.013203144073486328,0.015923023223876953,0.0,0.017953157424926758,21.240746461398224,13.9,49.1
26/05/2022,23:13:53,0.042357683181762695,0.010447978973388672,0.013957738876342773,0.0,0.01795196533203125,23.6084678122942,8.3,49.1
26/05/2022,23:13:53,0.047128915786743164,0.013219356536865234,0.014960050582885742,0.000997781753540039,0.01795172691345215,21.218396037900977,8.3,49.1
26/05/2022,23:13:53,0.04587721824645996,0.010969877243041992,0.016954421997070312,0.0,0.017952919006347656,21.797311132245106,5.6,49.1
26/05/2022,23:13:53,0.06292724609375,0.027026653289794922,0.01695084571838379,0.000997304916381836,0.017952442169189453,15.891367604267701,8.3,49.1
26/05/2022,23:13:53,0.04391074180603027,0.007983684539794922,0.017952919006347656,0.0,0.017974138259887695,22.773470883670424,5.6,49.1
26/05/2022,23:13:54,0.042168617248535156,0.009258508682250977,0.014958381652832031,0.0,0.01795172691345215,23.714318022480043,24.3,49.1
26/05/2022,23:13:54,0.04701399803161621,0.01211237907409668,0.01694965362548828,0.0,0.01795196533203125,21.270260813120274,8.3,49.1
26/05/2022,23:13:54,0.045932769775390625,0.01102590560913086,0.015958547592163086,0.0,0.01894831657409668,21.770949256706253,8.3,49.1
26/05/2022,23:13:54,0.04706001281738281,0.00916147232055664,0.01795196533203125,0.000997304916381836,0.018949270248413086,21.249462975722448,44.7,49.1
26/05/2022,23:13:54,0.042885541915893555,0.007982969284057617,0.01695084571838379,0.0,0.01795172691345215,23.317881862404448,8.3,49.1
26/05/2022,23:13:54,0.04394245147705078,0.011030435562133789,0.013962745666503906,0.0,0.018949270248413086,22.757037133493935,16.7,49.1
26/05/2022,23:13:54,0.05932950973510742,0.026418447494506836,0.013962268829345703,0.0,0.018948793411254883,16.85501876662675,16.7,49.1
26/05/2022,23:13:54,0.04989433288574219,0.01398921012878418,0.01795339584350586,0.0,0.01795172691345215,20.04235635918804,11.1,49.1
26/05/2022,23:13:54,0.04886794090270996,0.008975028991699219,0.02094411849975586,0.0,0.018948793411254883,20.46331360658057,48.6,49.2
26/05/2022,23:13:54,0.0418853759765625,0.004983663558959961,0.017951011657714844,0.0,0.018950700759887695,23.874681238615665,27.8,49.2
26/05/2022,23:13:54,0.05983734130859375,0.021938800811767578,0.01894998550415039,0.0,0.01894855499267578,16.71197245951804,18.8,49.3
26/05/2022,23:13:54,0.04489612579345703,0.00698089599609375,0.01894974708557129,0.0,0.018965482711791992,22.273636807782992,72.2,49.2
26/05/2022,23:13:54,0.04188799858093262,0.007978439331054688,0.01595783233642578,0.0,0.01795172691345215,23.87318644665919,13.9,49.3
26/05/2022,23:13:54,0.04587674140930176,0.010970592498779297,0.01695394515991211,0.0,0.01795220375061035,21.797537690792584,22.2,49.3
26/05/2022,23:13:54,0.04587602615356445,0.007977008819580078,0.019946813583374023,0.0,0.01795220375061035,21.79787753744452,38.9,49.3
26/05/2022,23:13:54,0.03995656967163086,0.007023811340332031,0.014960527420043945,0.0,0.017972230911254883,25.027173459036934,5.6,49.3
26/05/2022,23:13:54,0.04886817932128906,0.011966943740844727,0.018949508666992188,0.0009970664978027344,0.016954660415649414,20.463213769954333,41.7,49.3
26/05/2022,23:13:54,0.04423260688781738,0.007331371307373047,0.018949031829833984,0.0009989738464355469,0.016953229904174805,22.607756367066433,13.5,49.3
26/05/2022,23:13:54,0.04288005828857422,0.009973526000976562,0.012959718704223633,0.0,0.019946813583374023,23.320863821364235,13.9,49.3
26/05/2022,23:13:54,0.04587888717651367,0.0109710693359375,0.016954660415649414,0.0,0.017953157424926758,21.79651821441563,16.7,49.3
26/05/2022,23:13:55,0.0468747615814209,0.009972572326660156,0.016954898834228516,0.0,0.019947290420532227,21.333441840829675,30.6,49.3
26/05/2022,23:13:55,0.0438840389251709,0.006981849670410156,0.01894974708557129,0.0,0.017952442169189453,22.787328251739893,30.6,49.3
26/05/2022,23:13:55,0.04401540756225586,0.010108709335327148,0.014957427978515625,0.0,0.018949270248413086,22.71931706154463,11.1,49.3
26/05/2022,23:13:55,0.044962167739868164,0.01115560531616211,0.015855073928833008,0.0,0.017951488494873047,22.240920539809636,5.6,49.3
26/05/2022,23:13:55,0.04405379295349121,0.010643482208251953,0.016456127166748047,0.0,0.01695418357849121,22.69952103910161,8.6,49.3
26/05/2022,23:13:55,0.04538679122924805,0.011473417282104492,0.015961170196533203,0.0,0.01795220375061035,22.032841999096476,8.1,49.3
26/05/2022,23:13:55,0.04804420471191406,0.011143207550048828,0.01595759391784668,0.0009965896606445312,0.019946813583374023,20.814164913255787,11.1,49.3
26/05/2022,23:13:55,0.04100823402404785,0.00810098648071289,0.014955759048461914,0.0,0.017951488494873047,24.38534659682211,11.1,49.3
26/05/2022,23:13:55,0.04941082000732422,0.01399850845336914,0.015956878662109375,0.0,0.019455432891845703,20.238482175599778,8.3,49.3
26/05/2022,23:13:55,0.041631221771240234,0.009770870208740234,0.013909101486206055,0.0,0.017951250076293945,24.02043364220509,5.6,49.3
26/05/2022,23:13:55,0.04590487480163574,0.012995243072509766,0.01396942138671875,0.0,0.018940210342407227,21.784178789751685,5.6,49.3
26/05/2022,23:13:55,0.04498863220214844,0.012202024459838867,0.014835357666015625,0.0,0.017951250076293945,22.22783736804172,11.1,49.3
26/05/2022,23:13:55,0.04698657989501953,0.014073610305786133,0.014974117279052734,0.0,0.017938852310180664,21.282672674501207,5.6,49.3
26/05/2022,23:13:55,0.04304957389831543,0.011191129684448242,0.013906240463256836,0.0009975433349609375,0.016954660415649414,23.22903363369018,10.8,49.3
26/05/2022,23:13:55,0.045867919921875,0.012956619262695312,0.012966156005859375,0.0009987354278564453,0.018946409225463867,21.80172987358616,16.7,49.3
26/05/2022,23:13:55,0.04491233825683594,0.01315450668334961,0.013806581497192383,0.0,0.017951250076293945,22.265596466641185,5.6,49.3
26/05/2022,23:13:55,0.04621720314025879,0.01330113410949707,0.01596236228942871,0.0,0.016953706741333008,21.63696485408746,8.3,49.3
26/05/2022,23:13:55,0.047985076904296875,0.011085271835327148,0.01795220375061035,0.0,0.018947601318359375,20.839812385722237,13.9,49.3
26/05/2022,23:13:55,0.05866813659667969,0.02483510971069336,0.015881776809692383,0.0,0.017951250076293945,17.045027471634317,17.8,49.2
26/05/2022,23:13:55,0.06144976615905762,0.027545452117919922,0.015952348709106445,0.0,0.01795196533203125,16.273454929211333,13.3,49.2
26/05/2022,23:13:55,0.0442814826965332,0.012028694152832031,0.01390981674194336,0.000997304916381836,0.017345666885375977,22.58280299359285,10.8,49.2
26/05/2022,23:13:56,0.04358077049255371,0.01167154312133789,0.013957023620605469,0.0,0.01795220375061035,22.94589996225197,13.8,49.2
26/05/2022,23:13:56,0.046022891998291016,0.014230012893676758,0.013840436935424805,0.0,0.017952442169189453,21.728317291254392,13.9,49.2
26/05/2022,23:13:56,0.04704427719116211,0.015130758285522461,0.013961553573608398,0.0,0.01795196533203125,21.256570611905655,10.0,49.2
26/05/2022,23:13:56,0.04607057571411133,0.013164281845092773,0.014954328536987305,0.0,0.01795196533203125,21.705828166885745,9.1,49.2
26/05/2022,23:13:56,0.04654383659362793,0.013636589050292969,0.015964508056640625,0.0,0.016942739486694336,21.485121837526062,5.6,49.2
26/05/2022,23:13:56,0.04140472412109375,0.011446952819824219,0.013003110885620117,0.0,0.016954660415649414,24.151833425465266,5.6,49.2
26/05/2022,23:13:56,0.04410529136657715,0.013187646865844727,0.012965917587280273,0.0,0.01795172691345215,22.67301652512825,19.4,49.2
26/05/2022,23:13:56,0.04591560363769531,0.013067007064819336,0.014898300170898438,0.0,0.01795029640197754,21.77908860549163,9.8,49.2
26/05/2022,23:13:56,0.04493856430053711,0.013183355331420898,0.013803958892822266,0.0,0.017951250076293945,22.25260231529132,13.8,49.2
26/05/2022,23:13:56,0.04504084587097168,0.014126062393188477,0.012962818145751953,0.0,0.01795196533203125,22.20206971389249,12.9,49.2
26/05/2022,23:13:56,0.05407142639160156,0.014176607131958008,0.02094554901123047,0.0,0.018949270248413086,18.4940562277329,22.9,49.2
26/05/2022,23:13:56,0.03893303871154785,0.005180835723876953,0.014803647994995117,0.0,0.01894855499267578,25.685125874939526,10.3,49.2
26/05/2022,23:13:56,0.045027732849121094,0.01112675666809082,0.014950752258300781,0.0,0.018950223922729492,22.208535423064703,43.6,49.2
26/05/2022,23:13:56,0.04598832130432129,0.013080358505249023,0.01495504379272461,0.0,0.017952919006347656,21.744651068749384,14.3,49.2
26/05/2022,23:13:56,0.04616189002990723,0.01323080062866211,0.014979124069213867,0.0,0.01795196533203125,21.66289117174628,12.5,49.2
26/05/2022,23:13:56,0.04383444786071777,0.012038946151733398,0.014841794967651367,0.0,0.016953706741333008,22.81310815588371,16.7,49.2
26/05/2022,23:13:56,0.044034719467163086,0.013188838958740234,0.012893915176391602,0.0009975433349609375,0.016954421997070312,22.709353258074124,6.1,49.2
26/05/2022,23:13:56,0.045763254165649414,0.013849496841430664,0.0139617919921875,0.0,0.01795196533203125,21.851592904217355,19.4,49.2
26/05/2022,23:13:56,0.04688739776611328,0.01305532455444336,0.014899730682373047,0.0,0.018932342529296875,21.327692464151326,22.5,49.2
26/05/2022,23:13:56,0.07530832290649414,0.04239845275878906,0.01495814323425293,0.0009980201721191406,0.016953706741333008,13.278744784180633,8.9,49.2
26/05/2022,23:13:56,0.04562258720397949,0.012208700180053711,0.016459226608276367,0.0,0.016954660415649414,21.918967364322857,11.1,49.2
26/05/2022,23:13:57,0.046396493911743164,0.011490821838378906,0.01595592498779297,0.0,0.01894974708557129,21.553352757693947,40.5,49.2
26/05/2022,23:13:57,0.04121041297912598,0.010178565979003906,0.012929201126098633,0.000997304916381836,0.0171053409576416,24.265711690550713,23.3,49.2
26/05/2022,23:13:57,0.04662680625915527,0.013765096664428711,0.014931201934814453,0.0,0.01793050765991211,21.44689032403217,48.6,49.2
26/05/2022,23:13:57,0.046375274658203125,0.013941764831542969,0.014950275421142578,0.0,0.017483234405517578,21.56321460886732,15.0,49.2
26/05/2022,23:13:57,0.04379010200500488,0.01290750503540039,0.012922048568725586,0.0,0.017960548400878906,22.83621079224039,12.9,49.2
26/05/2022,23:13:57,0.04942059516906738,0.016048192977905273,0.01595783233642578,0.0,0.017414569854736328,20.23447909882529,16.0,49.2
26/05/2022,23:13:57,0.044265031814575195,0.011353731155395508,0.014960765838623047,0.0,0.01795053482055664,22.591195781558863,13.9,49.2
26/05/2022,23:13:57,0.043344736099243164,0.012429237365722656,0.012963533401489258,0.0,0.01795196533203125,23.070852195532478,25.0,49.2
26/05/2022,23:13:57,0.04997706413269043,0.01530313491821289,0.017719268798828125,0.0,0.016954660415649414,20.009178557287267,12.5,49.2
26/05/2022,23:13:57,0.04600095748901367,0.010204792022705078,0.01684737205505371,0.0,0.018948793411254883,21.73867794466731,22.2,49.2
26/05/2022,23:13:57,0.042885541915893555,0.008983135223388672,0.013955116271972656,0.000997781753540039,0.018949508666992188,23.317881862404448,11.8,49.2
26/05/2022,23:13:57,0.0431671142578125,0.010498523712158203,0.014716863632202148,0.0,0.01795172691345215,23.16578296217745,13.8,49.2
26/05/2022,23:13:57,0.04697275161743164,0.013063907623291016,0.01495814323425293,0.0,0.018950700759887695,21.288938066572598,23.9,49.2
26/05/2022,23:13:57,0.04305243492126465,0.011143207550048828,0.013958215713500977,0.0,0.017951011657714844,23.22748996261941,6.7,49.2
26/05/2022,23:13:57,0.04793357849121094,0.014034271240234375,0.01295614242553711,0.0,0.020943164825439453,20.862202061199316,4.8,49.2
26/05/2022,23:13:57,0.04400753974914551,0.012097358703613281,0.013957738876342773,0.0,0.017952442169189453,22.723378895986045,8.3,49.2
26/05/2022,23:13:57,0.044946908950805664,0.014028787612915039,0.012966394424438477,0.0,0.01795172691345215,22.248470992621513,12.9,49.2
26/05/2022,23:13:57,0.04690909385681152,0.013999223709106445,0.01396036148071289,0.0,0.018949508666992188,21.317828117773225,4.8,49.2
26/05/2022,23:13:57,0.053221702575683594,0.011333465576171875,0.01595616340637207,0.0,0.02593207359313965,18.789327503718173,35.1,49.1
26/05/2022,23:13:57,0.03390812873840332,0.001997232437133789,0.013958454132080078,0.0,0.017952442169189453,29.49145344217802,5.6,49.2
26/05/2022,23:13:57,0.04791855812072754,0.013036251068115234,0.01593303680419922,0.0,0.018949270248413086,20.868741448366794,8.3,49.2
26/05/2022,23:13:58,0.04312777519226074,0.010221719741821289,0.014954090118408203,0.0,0.01795196533203125,23.186913666240997,12.5,49.2
26/05/2022,23:13:58,0.045035600662231445,0.011126995086669922,0.014959096908569336,0.0,0.018949508666992188,22.20465554573224,9.1,49.2
26/05/2022,23:13:58,0.04498791694641113,0.012130975723266602,0.014903783798217773,0.0,0.017953157424926758,22.228190764893238,10.8,49.2
26/05/2022,23:13:58,0.04600214958190918,0.014087438583374023,0.01296544075012207,0.0,0.018949270248413086,21.73811461178458,7.1,49.2
26/05/2022,23:13:58,0.04504108428955078,0.013202905654907227,0.013908863067626953,0.0009748935699462891,0.016954421997070312,22.2019521903915,9.7,49.2
26/05/2022,23:13:58,0.04496645927429199,0.013068437576293945,0.013946056365966797,0.0,0.01795196533203125,22.238797898230676,17.1,49.2
26/05/2022,23:13:58,0.04699993133544922,0.014110565185546875,0.013939619064331055,0.001009225845336914,0.017940521240234375,21.276626828723902,8.3,49.2
26/05/2022,23:13:58,0.04587721824645996,0.011968374252319336,0.015956878662109375,0.0,0.01795196533203125,21.797311132245106,19.4,49.2
26/05/2022,23:13:58,0.043142080307006836,0.010224103927612305,0.014963626861572266,0.0,0.017954349517822266,23.179225315140563,12.1,49.2
26/05/2022,23:13:58,0.045130252838134766,0.011220455169677734,0.014960527420043945,0.0,0.018949270248413086,22.158085477309946,18.4,49.2
26/05/2022,23:13:58,0.05385398864746094,0.009971857070922852,0.019947290420532227,0.0,0.02393484115600586,18.568726757570392,57.9,49.2
26/05/2022,23:13:58,0.05285811424255371,0.014960527420043945,0.019945621490478516,0.0,0.01795196533203125,18.918571241706246,48.9,49.1
26/05/2022,23:13:58,0.040914058685302734,0.007039785385131836,0.015921592712402344,0.0,0.017952680587768555,24.441476405253894,40.0,49.1
26/05/2022,23:13:58,0.04326605796813965,0.010358810424804688,0.01497197151184082,0.0,0.01793527603149414,23.112805902871532,55.2,49.1
26/05/2022,23:13:58,0.046054840087890625,0.011149406433105469,0.01695728302001953,0.0,0.017948150634765625,21.713244429719207,42.1,49.1
26/05/2022,23:13:58,0.043938636779785156,0.011018753051757812,0.0149993896484375,0.0,0.017920494079589844,22.759012870878824,41.7,49.1
26/05/2022,23:13:58,0.04502415657043457,0.012108087539672852,0.014960527420043945,0.0,0.017955541610717773,22.21029945193148,38.9,49.1
26/05/2022,23:13:58,0.043155670166015625,0.01135563850402832,0.01285099983215332,0.0009975433349609375,0.017951488494873047,23.17192610271369,36.1,49.1
26/05/2022,23:13:58,0.04989504814147949,0.013994932174682617,0.017948389053344727,0.0009975433349609375,0.01695418357849121,20.042069047903475,39.0,49.1
26/05/2022,23:13:58,0.044013023376464844,0.010114908218383789,0.015945911407470703,0.0,0.01795220375061035,22.720547767112304,41.9,49.1
26/05/2022,23:13:58,0.04986691474914551,0.010969877243041992,0.019946575164794922,0.0,0.018950462341308594,20.053376171966512,39.1,49.1
26/05/2022,23:13:59,0.04091382026672363,0.007002592086791992,0.014959335327148438,0.0,0.018951892852783203,24.44161883395006,50.0,49.1
26/05/2022,23:13:59,0.04894065856933594,0.012038469314575195,0.017952442169189453,0.0,0.01894974708557129,20.432908531119686,35.4,49.1
26/05/2022,23:13:59,0.05186128616333008,0.007979631423950195,0.024932384490966797,0.0,0.018949270248413086,19.282205937790202,71.4,49.1
26/05/2022,23:13:59,0.07081103324890137,0.03291153907775879,0.018948793411254883,0.000997781753540039,0.017952919006347656,14.122093042831217,36.1,49.1
26/05/2022,23:13:59,0.04388284683227539,0.0069806575775146484,0.01795220375061035,0.0,0.01894998550415039,22.787947277488616,51.4,49.1
26/05/2022,23:13:59,0.0468752384185791,0.008976221084594727,0.019946575164794922,0.0,0.017952442169189453,21.333224826940782,58.3,49.2
26/05/2022,23:13:59,0.04487919807434082,0.006980419158935547,0.019947290420532227,0.0,0.017951488494873047,22.282038069029998,68.8,49.2
26/05/2022,23:13:59,0.0408930778503418,0.005983829498291016,0.01595759391784668,0.0,0.0189516544342041,24.454016488065392,50.0,49.2
26/05/2022,23:13:59,0.04587674140930176,0.008976221084594727,0.018948793411254883,0.0,0.01795172691345215,21.797537690792584,55.6,49.2
26/05/2022,23:13:59,0.04487919807434082,0.007978200912475586,0.01795172691345215,0.0,0.018949270248413086,22.282038069029998,46.9,49.2
26/05/2022,23:13:59,0.04242849349975586,0.008480310440063477,0.014961957931518555,0.0,0.018986225128173828,23.569066858472222,44.8,49.2
26/05/2022,23:13:59,0.04682159423828125,0.011914730072021484,0.01595759391784668,0.0,0.018949270248413086,21.357666612351313,39.5,49.2
26/05/2022,23:13:59,0.045877695083618164,0.010970830917358398,0.015957355499267578,0.0009975433349609375,0.01795196533203125,21.797084578407173,35.1,49.2
26/05/2022,23:13:59,0.04487967491149902,0.009973526000976562,0.01695418357849121,0.0,0.01795196533203125,22.281801327036373,52.9,49.2
26/05/2022,23:13:59,0.0423741340637207,0.010454654693603516,0.013966083526611328,0.0,0.01795339584350586,23.599302312496484,16.7,49.2
26/05/2022,23:13:59,0.046036481857299805,0.013138055801391602,0.013948202133178711,0.0009970664978027344,0.017953157424926758,21.721903144113398,50.0,49.2
26/05/2022,23:13:59,0.04541134834289551,0.011493682861328125,0.01497197151184082,0.0,0.018945693969726562,22.020927290005197,30.6,49.2
26/05/2022,23:13:59,0.04258370399475098,0.011743545532226562,0.012888431549072266,0.0,0.01795172691345215,23.48316154281139,8.6,49.2
26/05/2022,23:13:59,0.059044837951660156,0.014165878295898438,0.02692723274230957,0.0,0.01795172691345215,16.936281556377498,66.0,49.2
26/05/2022,23:13:59,0.04794645309448242,0.016028642654418945,0.014963150024414062,0.0,0.016954660415649414,20.856600133265704,34.2,49.2
26/05/2022,23:14:00,0.05895686149597168,0.013173341751098633,0.022844552993774414,0.0,0.022938966751098633,16.961554170727467,46.9,49.2
26/05/2022,23:14:00,0.052861690521240234,0.01595616340637207,0.01894998550415039,0.0,0.017955541610717773,18.91729133403693,43.5,49.2
26/05/2022,23:14:00,0.04291367530822754,0.008007287979125977,0.01695394515991211,0.0,0.017952442169189453,23.30259510092059,23.5,49.2
26/05/2022,23:14:00,0.0422520637512207,0.011331796646118164,0.012968301773071289,0.0,0.01795196533203125,23.66748298705549,7.1,49.2
26/05/2022,23:14:00,0.04604816436767578,0.014133930206298828,0.012964725494384766,0.0,0.018949508666992188,21.71639225432329,44.4,49.2
26/05/2022,23:14:00,0.04797697067260742,0.014068603515625,0.015956401824951172,0.0,0.01795196533203125,20.843333498981266,53.2,49.2
26/05/2022,23:14:00,0.04690361022949219,0.011006832122802734,0.017945051193237305,0.0,0.01795172691345215,21.32032044243829,15.8,49.2
26/05/2022,23:14:00,0.042917490005493164,0.008010387420654297,0.016954898834228516,0.0,0.01795220375061035,23.300523862695755,47.2,49.2
26/05/2022,23:14:00,0.05447721481323242,0.008975505828857422,0.022562026977539062,0.0,0.022939682006835938,18.3562981960139,70.3,49.2
26/05/2022,23:14:00,0.0578458309173584,0.016955137252807617,0.021941184997558594,0.0,0.018949508666992188,17.28733054986543,52.1,48.7
26/05/2022,23:14:00,0.03989243507385254,0.0029921531677246094,0.017951250076293945,0.0009975433349609375,0.017951488494873047,25.06740935088841,48.4,48.8
26/05/2022,23:14:00,0.04306674003601074,0.009156227111816406,0.015956640243530273,0.0,0.017953872680664062,23.219774683754533,46.7,48.8
26/05/2022,23:14:00,0.04487323760986328,0.010975837707519531,0.014954805374145508,0.0,0.018942594528198242,22.284997768473847,50.0,48.8
26/05/2022,23:14:00,0.0468747615814209,0.010970830917358398,0.01695394515991211,0.0,0.01894998550415039,21.333441840829675,51.3,48.8
26/05/2022,23:14:00,0.04220938682556152,0.009263992309570312,0.014990568161010742,0.0,0.01795482635498047,23.6914126265964,39.4,48.8
26/05/2022,23:14:00,0.046024322509765625,0.014111518859863281,0.0139617919921875,0.0,0.017951011657714844,21.727641939494404,36.1,48.8
26/05/2022,23:14:00,0.047086238861083984,0.013179779052734375,0.014955282211303711,0.0,0.0189511775970459,21.237627472227004,25.0,48.8
26/05/2022,23:14:00,0.0458831787109375,0.010974407196044922,0.01695537567138672,0.0,0.01795339584350586,21.79447954772198,41.7,48.8
26/05/2022,23:14:00,0.04587721824645996,0.009036064147949219,0.018891334533691406,0.0,0.017949819564819336,21.797311132245106,42.9,48.8
26/05/2022,23:14:00,0.041887760162353516,0.0069811344146728516,0.01595759391784668,0.0,0.018949031829833984,23.873322329102397,45.2,48.8
26/05/2022,23:14:00,0.046875,0.009974002838134766,0.016953229904174805,0.0009975433349609375,0.018950223922729492,21.333333333333332,52.8,48.8
26/05/2022,23:14:01,0.042883872985839844,0.005982637405395508,0.016956567764282227,0.0,0.01994466781616211,23.318789334400783,64.9,48.9
26/05/2022,23:14:01,0.04291796684265137,0.008011102676391602,0.016954660415649414,0.0,0.01795220375061035,23.300264983806546,36.1,48.9
26/05/2022,23:14:01,0.04328584671020508,0.009377002716064453,0.014959573745727539,0.0009965896606445312,0.017952680587768555,23.102239554072067,47.2,48.9
26/05/2022,23:14:01,0.04522871971130371,0.011324405670166016,0.015952587127685547,0.0,0.01795172691345215,22.109845389898947,43.2,48.9
26/05/2022,23:14:01,0.04603266716003418,0.011131525039672852,0.015968799591064453,0.0,0.018932342529296875,21.723703224135697,36.1,48.9
26/05/2022,23:14:01,0.0438847541809082,0.009977340698242188,0.01595306396484375,0.0,0.017954349517822266,22.786956852433367,36.1,48.9
26/05/2022,23:14:01,0.04388284683227539,0.009972572326660156,0.015958547592163086,0.0,0.01795172691345215,22.787947277488616,36.1,48.9
26/05/2022,23:14:01,0.044890642166137695,0.009979009628295898,0.01595759391784668,0.0,0.018954038619995117,22.27635764930823,5.6,48.9
26/05/2022,23:14:01,0.04218316078186035,0.009277820587158203,0.013956546783447266,0.0009951591491699219,0.01795363426208496,23.706142011767433,19.4,48.9
26/05/2022,23:14:01,0.06199216842651367,0.028083324432373047,0.01595759391784668,0.0009965896606445312,0.016954660415649414,16.13106986546878,4.2,48.9
26/05/2022,23:14:01,0.04587721824645996,0.010970592498779297,0.01595759391784668,0.0,0.018949031829833984,21.797311132245106,13.9,48.9
26/05/2022,23:14:01,0.045183420181274414,0.011435270309448242,0.014798641204833984,0.0,0.018949508666992188,22.132012051943665,16.7,48.9
26/05/2022,23:14:01,0.0439910888671875,0.011079549789428711,0.013962030410766602,0.0,0.018949508666992188,22.731876517516476,18.9,48.9
26/05/2022,23:14:01,0.045960187911987305,0.012050390243530273,0.015958309173583984,0.0,0.017951488494873047,21.757961519108164,11.1,48.9
26/05/2022,23:14:01,0.045877695083618164,0.011968612670898438,0.015956878662109375,0.0,0.01795220375061035,21.797084578407173,8.3,48.9
26/05/2022,23:14:01,0.04428291320800781,0.009375810623168945,0.01695561408996582,0.0,0.017951488494873047,22.58207348063919,5.6,48.9
26/05/2022,23:14:01,0.041887760162353516,0.009979248046875,0.013956069946289062,0.0,0.017952442169189453,23.873322329102397,18.9,48.9
26/05/2022,23:14:01,0.04396820068359375,0.012156248092651367,0.013859033584594727,0.0,0.017952919006347656,22.743709873329863,13.3,48.9
26/05/2022,23:14:01,0.04793882369995117,0.012034177780151367,0.016953706741333008,0.0,0.018950939178466797,20.859919431043917,12.2,48.9
26/05/2022,23:14:01,0.042327880859375,0.009441852569580078,0.014933347702026367,0.0,0.017952680587768555,23.62509012256669,10.5,48.9
26/05/2022,23:14:01,0.04684114456176758,0.011917352676391602,0.016971349716186523,0.0,0.017952442169189453,21.348752455895678,11.4,48.9
26/05/2022,23:14:02,0.04205894470214844,0.009268999099731445,0.013842105865478516,0.0,0.018947839736938477,23.776155276404698,11.1,48.9
26/05/2022,23:14:02,0.04986739158630371,0.011966943740844727,0.01894998550415039,0.0,0.018950462341308594,20.053184419508604,19.4,48.9
26/05/2022,23:14:02,0.04487967491149902,0.007978439331054688,0.01796865463256836,0.0009810924530029297,0.017951488494873047,22.281801327036373,18.9,48.9
26/05/2022,23:14:02,0.04886984825134277,0.00997304916381836,0.017953157424926758,0.0,0.020943641662597656,20.462514940846443,11.1,48.9
26/05/2022,23:14:02,0.045876264572143555,0.007984161376953125,0.01894211769104004,0.0,0.01894998550415039,21.797764254049756,55.6,48.9
26/05/2022,23:14:02,0.044313669204711914,0.007413148880004883,0.017951488494873047,0.0,0.018949031829833984,22.566400344335943,22.2,48.9
26/05/2022,23:14:02,0.04687356948852539,0.009972095489501953,0.018950462341308594,0.0,0.017951011657714844,21.33398439486882,36.1,48.9
26/05/2022,23:14:02,0.04188728332519531,0.007059812545776367,0.01687479019165039,0.0,0.017952680587768555,23.87359409862939,19.4,48.9
26/05/2022,23:14:02,0.04639291763305664,0.010489702224731445,0.017951250076293945,0.0,0.01795196533203125,21.55501423535095,27.8,48.9
26/05/2022,23:14:02,0.048898935317993164,0.010003328323364258,0.020943880081176758,0.0,0.01795172691345215,20.450343008430156,36.1,48.9
26/05/2022,23:14:02,0.04487967491149902,0.006981372833251953,0.016955137252807617,0.0,0.020943164825439453,22.281801327036373,41.7,48.9
26/05/2022,23:14:02,0.04491448402404785,0.008016586303710938,0.017948627471923828,0.0,0.018949270248413086,22.264532738806167,36.1,48.9
26/05/2022,23:14:02,0.042040109634399414,0.009128093719482422,0.014960050582885742,0.0,0.01795196533203125,23.786807615310018,38.9,48.9
26/05/2022,23:14:02,0.04775285720825195,0.012845277786254883,0.015958786010742188,0.0009970664978027344,0.01795172691345215,20.94115532477907,36.1,48.9
26/05/2022,23:14:02,0.04305267333984375,0.011139392852783203,0.013961553573608398,0.0009970664978027344,0.016954660415649414,23.22736133262449,36.1,48.9
26/05/2022,23:14:02,0.04642343521118164,0.012610673904418945,0.01685786247253418,0.0,0.016954898834228516,21.540844520681617,36.1,48.9
26/05/2022,23:14:02,0.042989253997802734,0.012072324752807617,0.013962507247924805,0.0,0.016954421997070312,23.261627197604128,38.9,48.9
26/05/2022,23:14:02,0.045766353607177734,0.014338493347167969,0.013475894927978516,0.0,0.01795196533203125,21.85011304556205,36.1,48.9
26/05/2022,23:14:02,0.04745841026306152,0.012594223022460938,0.0159146785736084,0.0,0.018949508666992188,21.07108085704956,41.7,48.9
26/05/2022,23:14:02,0.0444636344909668,0.012025833129882812,0.014975786209106445,0.0,0.01746201515197754,22.49028923182515,44.4,48.9
26/05/2022,23:14:02,0.04641151428222656,0.011503934860229492,0.015958547592163086,0.0009970664978027344,0.01795196533203125,21.5463773476349,42.1,48.9
26/05/2022,23:14:02,0.043908119201660156,0.010002613067626953,0.015953779220581055,0.0,0.01795172691345215,22.774831128776526,48.6,48.9
26/05/2022,23:14:03,0.04388427734375,0.009977340698242188,0.015954256057739258,0.0,0.017952680587768555,22.787204450625868,37.8,48.9
26/05/2022,23:14:03,0.043956756591796875,0.010183572769165039,0.014825582504272461,0.0009961128234863281,0.017951488494873047,22.749631172437734,44.4,48.9
26/05/2022,23:14:03,0.049866437911987305,0.010972261428833008,0.01894831657409668,0.0,0.019945859909057617,20.053567928091606,63.9,48.9
26/05/2022,23:14:03,0.04326677322387695,0.007981061935424805,0.016953468322753906,0.0,0.018332242965698242,23.11242381828802,47.2,49.0
26/05/2022,23:14:03,0.044875144958496094,0.008971691131591797,0.016954660415649414,0.0,0.018948793411254883,22.284050579109554,41.7,49.0
26/05/2022,23:14:03,0.04886889457702637,0.009973764419555664,0.019945859909057617,0.0009982585906982422,0.017951011657714844,20.462914265920546,48.9,49.0
26/05/2022,23:14:03,0.04089069366455078,0.004987001419067383,0.016954660415649414,0.0,0.018949031829833984,24.4554423117289,51.9,49.1
26/05/2022,23:14:03,0.049866437911987305,0.00897526741027832,0.02293848991394043,0.0,0.017952680587768555,20.053567928091606,40.9,49.1
26/05/2022,23:14:03,0.05444955825805664,0.018546104431152344,0.016954898834228516,0.0,0.01894855499267578,18.365621907539253,50.0,49.0
26/05/2022,23:14:03,0.06781864166259766,0.02593088150024414,0.02293848991394043,0.0,0.018949270248413086,14.745208330403724,53.3,49.3
26/05/2022,23:14:03,0.03789925575256348,0.0019948482513427734,0.01695394515991211,0.0009989738464355469,0.017951488494873047,26.38574241480615,60.0,49.2
26/05/2022,23:14:03,0.04388260841369629,0.007978677749633789,0.01695537567138672,0.0,0.01894855499267578,22.788071086674236,38.9,49.2
26/05/2022,23:14:03,0.04165291786193848,0.009737730026245117,0.013962984085083008,0.0,0.01795220375061035,24.007921925531612,11.1,49.2
26/05/2022,23:14:03,0.0483245849609375,0.013436317443847656,0.01593923568725586,0.0,0.018949031829833984,20.69340069466372,38.9,49.2
26/05/2022,23:14:03,0.043708086013793945,0.009789466857910156,0.014955759048461914,0.0,0.018962860107421875,22.879061775535252,22.2,49.2
26/05/2022,23:14:03,0.04200339317321777,0.010101079940795898,0.013949394226074219,0.0,0.017952919006347656,23.807600397332198,21.6,49.2
26/05/2022,23:14:03,0.05850505828857422,0.011968851089477539,0.01964282989501953,0.0009620189666748047,0.025931358337402344,17.092539162469233,41.5,49.4
26/05/2022,23:14:03,0.05262112617492676,0.014958381652832031,0.016954421997070312,0.0009989738464355469,0.019709348678588867,19.003774200417745,29.5,49.3
26/05/2022,23:14:03,0.042885780334472656,0.008977413177490234,0.01595592498779297,0.0,0.017952442169189453,23.317752229313527,41.7,49.3
26/05/2022,23:14:03,0.042025089263916016,0.010165214538574219,0.01390695571899414,0.0,0.017952919006347656,23.795309361986998,8.3,49.3
26/05/2022,23:14:04,0.04695320129394531,0.013050079345703125,0.015950679779052734,0.0,0.017952442169189453,21.297802331721982,22.2,49.3
26/05/2022,23:14:04,0.07301092147827148,0.04209613800048828,0.012962818145751953,0.0,0.01795196533203125,13.696581001208243,7.3,49.3
26/05/2022,23:14:04,0.05298876762390137,0.015082836151123047,0.018956899642944336,0.0,0.018949031829833984,18.871924085830884,33.3,49.3
26/05/2022,23:14:04,0.04188799858093262,0.005988121032714844,0.015958786010742188,0.0,0.019941091537475586,23.87318644665919,8.3,49.3
26/05/2022,23:14:04,0.05105996131896973,0.009169816970825195,0.022938966751098633,0.0,0.0189511775970459,19.58481703017823,50.0,49.3
26/05/2022,23:14:04,0.03789877891540527,0.001999378204345703,0.015953779220581055,0.0,0.019945621490478516,26.386074396542504,25.0,49.3
26/05/2022,23:14:04,0.07878732681274414,0.037897586822509766,0.021940946578979492,0.0,0.018948793411254883,12.692396613185336,54.2,49.3
26/05/2022,23:14:04,0.04140305519104004,0.003986835479736328,0.017469406127929688,0.0,0.019946813583374023,24.152806970061672,11.1,49.3
26/05/2022,23:14:04,0.045877933502197266,0.00797891616821289,0.017952442169189453,0.0,0.019946575164794922,21.79697130325424,26.3,49.3
26/05/2022,23:14:04,0.04702448844909668,0.004987001419067383,0.020097732543945312,0.0,0.021939754486083984,21.26551575531726,50.0,49.3
26/05/2022,23:14:04,0.04886651039123535,0.003986835479736328,0.021943330764770508,0.0,0.022936344146728516,20.46391264679622,50.0,49.4
26/05/2022,23:14:04,0.053368330001831055,0.014958858489990234,0.01846456527709961,0.0,0.01994490623474121,18.737704551851074,31.2,49.4
26/05/2022,23:14:04,0.04088926315307617,0.005982398986816406,0.01595902442932129,0.0,0.018947839736938477,24.45629788573894,57.6,49.4
26/05/2022,23:14:04,0.04593348503112793,0.01002955436706543,0.01795220375061035,0.0,0.01795172691345215,21.770610249196768,46.2,49.4
26/05/2022,23:14:04,0.046054840087890625,0.009154319763183594,0.017952442169189453,0.0,0.018948078155517578,21.713244429719207,51.4,49.4
26/05/2022,23:14:04,0.04488015174865723,0.008979320526123047,0.017948627471923828,0.0,0.01795220375061035,22.281564590073362,40.0,49.4
26/05/2022,23:14:04,0.04297780990600586,0.008076906204223633,0.014951944351196289,0.0009987354278564453,0.018950223922729492,23.267821282355683,53.8,49.4
26/05/2022,23:14:04,0.04511570930480957,0.01020956039428711,0.016973495483398438,0.0,0.017932653427124023,22.165228374086425,50.0,49.4
26/05/2022,23:14:04,0.07702279090881348,0.04212236404418945,0.016949176788330078,0.0,0.017951250076293945,12.983170152635603,30.4,49.4
26/05/2022,23:14:05,0.04900217056274414,0.011102437973022461,0.018950700759887695,0.0,0.018949031829833984,20.40725928088357,30.6,49.4
26/05/2022,23:14:05,0.04488539695739746,0.007989168167114258,0.017947912216186523,0.0,0.01894831657409668,22.278960815454976,11.1,49.4
26/05/2022,23:14:05,0.045090675354003906,0.008190155029296875,0.016954421997070312,0.0009980201721191406,0.018948078155517578,22.177534316110066,35.9,49.4
26/05/2022,23:14:05,0.04398202896118164,0.008082389831542969,0.016950368881225586,0.0,0.018949270248413086,22.73655908149658,10.8,49.4
26/05/2022,23:14:05,0.061011314392089844,0.023111820220947266,0.018950223922729492,0.0,0.018949270248413086,16.390402500976943,40.4,49.4
26/05/2022,23:14:05,0.04207777976989746,0.006182432174682617,0.017943620681762695,0.0,0.01795172691345215,23.765512474006584,42.4,49.4
26/05/2022,23:14:05,0.0498654842376709,0.009972810745239258,0.019946575164794922,0.0,0.01994609832763672,20.053951451343767,52.5,49.4
26/05/2022,23:14:05,0.03789925575256348,0.002992391586303711,0.016972780227661133,0.0,0.017934083938598633,26.38574241480615,58.3,49.4
26/05/2022,23:14:05,0.04474759101867676,0.009845972061157227,0.01694965362548828,0.0,0.01795196533203125,22.347571729227163,38.9,49.4
26/05/2022,23:14:05,0.04842400550842285,0.010527372360229492,0.018947362899780273,0.0,0.018949270248413086,20.650914551586617,41.7,49.4
26/05/2022,23:14:05,0.04290413856506348,0.005982875823974609,0.01696181297302246,0.0,0.019959449768066406,23.307774807866497,47.1,49.4
26/05/2022,23:14:05,0.06011652946472168,0.024212121963500977,0.017952442169189453,0.0,0.01795196533203125,16.63436011532955,37.5,49.4
26/05/2022,23:14:05,0.042063236236572266,0.009156227111816406,0.01495671272277832,0.0,0.01795029640197754,23.773729495652567,40.5,49.4
26/05/2022,23:14:05,0.044066667556762695,0.011150598526000977,0.013967037200927734,0.0,0.018949031829833984,22.69288910290052,36.1,49.4
26/05/2022,23:14:05,0.046904563903808594,0.012997865676879883,0.015985727310180664,0.0,0.017920970916748047,21.319886952808897,36.1,49.4
26/05/2022,23:14:05,0.04503750801086426,0.012125968933105469,0.013959169387817383,0.0,0.018952369689941406,22.203715173556517,45.9,49.4
26/05/2022,23:14:05,0.047974586486816406,0.012070655822753906,0.016954898834228516,0.0,0.018949031829833984,20.844369346983402,37.8,49.4
26/05/2022,23:14:05,0.044052839279174805,0.009146690368652344,0.015957355499267578,0.0,0.018948793411254883,22.70001244784084,51.4,49.4
26/05/2022,23:14:05,0.04290938377380371,0.01001739501953125,0.014939308166503906,0.0,0.017952680587768555,23.304925684122797,50.0,49.4
26/05/2022,23:14:05,0.04622602462768555,0.011319398880004883,0.016958951950073242,0.0,0.017947673797607422,21.632835790103464,38.9,49.4
26/05/2022,23:14:05,0.04289412498474121,0.008984565734863281,0.014960050582885742,0.0,0.018949508666992188,23.313215979011844,36.1,49.4
26/05/2022,23:14:06,0.07380127906799316,0.010970592498779297,0.04088926315307617,0.0,0.021941423416137695,13.54990066064708,55.0,49.6
26/05/2022,23:14:06,0.09774065017700195,0.01096963882446289,0.06084322929382324,0.0009944438934326172,0.024933338165283203,10.231157642076916,69.9,49.9
26/05/2022,23:14:06,0.06183791160583496,0.003994464874267578,0.031909942626953125,0.0009996891021728516,0.024933815002441406,16.171309380144738,75.0,49.9
26/05/2022,23:14:06,0.06881570816040039,0.015956640243530273,0.029930830001831055,0.0,0.022928237915039062,14.531565927783976,54.2,49.8
26/05/2022,23:14:06,0.0528566837310791,0.004983663558959961,0.02692866325378418,0.0009968280792236328,0.019947528839111328,18.9190832532691,57.1,49.8
26/05/2022,23:14:06,0.04986691474914551,0.012964487075805664,0.018949508666992188,0.0,0.017952919006347656,20.053376171966512,56.4,49.8
26/05/2022,23:14:06,0.04506111145019531,0.008160591125488281,0.017951488494873047,0.000997304916381836,0.01795172691345215,22.192084656084656,40.5,49.8
26/05/2022,23:14:06,0.04587745666503906,0.00797891616821289,0.01894974708557129,0.0009970664978027344,0.01795172691345215,21.797197854737455,44.4,49.8
26/05/2022,23:14:06,0.04326987266540527,0.007365703582763672,0.017952442169189453,0.0,0.01795172691345215,23.11076826439359,40.5,49.8
26/05/2022,23:14:06,0.0429081916809082,0.009996414184570312,0.013962030410766602,0.0009980201721191406,0.01795172691345215,23.305573151080736,13.5,49.8
26/05/2022,23:14:06,0.04794740676879883,0.013045787811279297,0.01694941520690918,0.0,0.01795220375061035,20.856185295316898,38.9,49.8
26/05/2022,23:14:06,0.04407787322998047,0.009171009063720703,0.016954898834228516,0.0,0.01795196533203125,22.68712001557801,36.1,49.8
26/05/2022,23:14:06,0.0420384407043457,0.009142160415649414,0.013946294784545898,0.0009982585906982422,0.01795172691345215,23.787751953811775,8.3,49.8
26/05/2022,23:14:06,0.04612112045288086,0.012207746505737305,0.015961170196533203,0.0,0.01795220375061035,21.682040466073218,11.1,49.8
